Line,Date,OnTimeRate,AddedJourneyMin,Passengers,TerminalOTP,ServiceAreaIncome,IncomeBracket,Modernized,CBTCActivation
1,2015-01-01,0.8877,2.197,5170117,0.7623,119004.0,High,No,
1,2015-02-01,0.8493,2.392,5960062,0.7072,119004.0,High,No,
1,2015-03-01,0.8743,2.113,7678262,0.7488,119004.0,High,No,
1,2015-04-01,0.914,1.637,6880455,0.7743,119004.0,High,No,
1,2015-05-01,0.9084,1.688,6373169,0.7866,119004.0,High,No,
1,2015-06-01,0.9148,1.635,6566204,0.8068,119004.0,High,No,
1,2015-07-01,0.8809,2.067,6894910,0.7343,119004.0,High,No,
1,2015-08-01,0.8802,2.271,6565113,0.7993,119004.0,High,No,
1,2015-09-01,0.9066,1.664,5919837,0.7867,119004.0,High,No,
1,2015-10-01,0.8787,1.954,7699298,0.7243,119004.0,High,No,
1,2015-11-01,0.8942,1.831,6570632,0.7532,119004.0,High,No,
1,2015-12-01,0.8944,1.816,7693221,0.7639,119004.0,High,No,
1,2016-01-01,0.8979,1.798,5268512,0.7714,119004.0,High,No,
1,2016-02-01,0.9004,1.755,6402584,0.7548,119004.0,High,No,
1,2016-03-01,0.8753,2.307,7326367,0.6776,119004.0,High,No,
1,2016-04-01,0.8906,1.94,6954485,0.7228,119004.0,High,No,
1,2016-05-01,0.9005,1.731,7247629,0.7704,119004.0,High,No,
1,2016-06-01,0.901,1.839,5863872,0.7264,119004.0,High,No,
1,2016-07-01,0.9023,1.878,6021600,0.7611,119004.0,High,No,
1,2016-08-01,0.9036,1.691,7291007,0.7527,119004.0,High,No,
1,2016-09-01,0.8537,2.259,5885094,0.6346,119004.0,High,No,
1,2016-10-01,0.8599,2.188,7438242,0.6484,119004.0,High,No,
1,2016-11-01,0.8488,2.598,7705044,0.6803,119004.0,High,No,
1,2016-12-01,0.8642,2.422,7361286,0.6813,119004.0,High,No,
1,2017-01-01,0.8898,1.908,6871638,0.7278,119004.0,High,No,
1,2017-02-01,0.8541,2.48,6461959,0.6002,119004.0,High,No,
1,2017-03-01,0.8571,2.205,7218213,0.6983,119004.0,High,No,
1,2017-04-01,0.9001,1.748,6223440,0.7056,119004.0,High,No,
1,2017-05-01,0.8699,2.238,7575436,0.7063,119004.0,High,No,
1,2017-06-01,0.876,1.959,7523056,0.6493,119004.0,High,No,
1,2017-07-01,0.8823,2.088,6576340,0.6635,119004.0,High,No,
1,2017-08-01,0.8927,1.992,7551502,0.7382,119004.0,High,No,
1,2017-09-01,0.8661,2.944,5834696,0.7045,119004.0,High,No,
1,2017-10-01,0.8934,1.896,7828868,0.7193,119004.0,High,No,
1,2017-11-01,0.8886,1.865,7703633,0.6957,119004.0,High,No,
1,2017-12-01,0.8882,1.857,6757834,0.7069,119004.0,High,No,
1,2018-01-01,0.8563,2.139,7449363,0.6746,119004.0,High,No,
1,2018-02-01,0.8748,1.983,6570878,0.6799,119004.0,High,No,
1,2018-03-01,0.8884,1.814,7696445,0.7442,119004.0,High,No,
1,2018-04-01,0.889,1.835,6949891,0.724,119004.0,High,No,
1,2018-05-01,0.8923,1.845,7786311,0.719,119004.0,High,No,
1,2018-06-01,0.8895,1.738,8041346,0.7301,119004.0,High,No,
1,2018-07-01,0.869,1.971,7233356,0.6866,119004.0,High,No,
1,2018-08-01,0.8691,1.931,7529388,0.7401,119004.0,High,No,
1,2018-09-01,0.8467,2.194,5692930,0.7292,119004.0,High,No,
1,2018-10-01,0.8614,2.149,7938567,0.7622,119004.0,High,No,
1,2018-11-01,0.8511,2.195,7692354,0.7441,119004.0,High,No,
1,2018-12-01,0.8658,2.011,7116959,0.7802,119004.0,High,No,
1,2019-01-01,0.9145,1.477,7106386,0.8506,119004.0,High,No,
1,2019-02-01,0.8939,1.774,6053076,0.8357,119004.0,High,No,
1,2019-03-01,0.9047,1.565,6888403,0.8599,119004.0,High,No,
1,2019-04-01,0.9033,1.538,7600366,0.8789,119004.0,High,No,
1,2019-05-01,0.909,1.497,7818357,0.8509,119004.0,High,No,
1,2019-06-01,0.91,1.502,7219593,0.8538,119004.0,High,No,
1,2019-07-01,0.8997,2.096,7302860,0.8739,119004.0,High,No,
1,2019-08-01,0.9184,1.377,7300769,0.8799,119004.0,High,No,
1,2019-09-01,0.9191,1.403,6210654,0.9171,119004.0,High,No,
1,2019-10-01,0.9018,1.583,8339412,0.8722,119004.0,High,No,
1,2019-11-01,0.8943,1.648,7582845,0.8529,119004.0,High,No,
1,2019-12-01,0.8885,1.617,7831882,0.8624,119004.0,High,No,
1,2020-01-01,0.887,2.302,7976982,0.8748,119004.0,High,No,
1,2020-02-01,0.8942,1.627,6278429,0.8972,119004.0,High,No,
1,2020-03-01,0.9298,1.119,3418110,0.9276,119004.0,High,No,
1,2020-04-01,0.8842,0.404,222000,0.9379,119004.0,High,No,
1,2020-05-01,0.8705,0.538,372659,0.9682,119004.0,High,No,
1,2020-06-01,0.9408,0.683,719397,0.9643,119004.0,High,No,
1,2020-07-01,0.9345,0.852,901380,0.9429,119004.0,High,No,
1,2020-08-01,0.9253,0.907,1160251,0.9452,119004.0,High,No,
1,2020-09-01,0.9261,0.896,1203083,0.9321,119004.0,High,No,
1,2020-10-01,0.9244,0.942,1765471,0.9231,119004.0,High,No,
1,2020-11-01,0.9248,1.105,1713309,0.9177,119004.0,High,No,
1,2020-12-01,0.9246,0.896,1749770,0.893,119004.0,High,No,
1,2021-01-01,0.932,0.773,1499272,0.9036,119004.0,High,No,
1,2021-02-01,0.8835,1.844,1408692,0.8645,119004.0,High,No,
1,2021-03-01,0.9277,0.884,1781358,0.9006,119004.0,High,No,
1,2021-04-01,0.9176,1.231,1823708,0.8983,119004.0,High,No,
1,2021-05-01,0.9321,0.835,1652040,0.8983,119004.0,High,No,
1,2021-06-01,0.9108,1.136,2306614,0.8754,119004.0,High,No,
1,2021-07-01,0.8874,1.457,2240734,0.858,119004.0,High,No,
1,2021-08-01,0.8875,1.442,2639132,0.8519,119004.0,High,No,
1,2021-09-01,0.8874,1.464,2309765,0.8562,119004.0,High,No,
1,2021-10-01,0.8867,1.514,3333578,0.8684,119004.0,High,No,
1,2021-11-01,0.9082,1.319,3851003,0.89,119004.0,High,No,
1,2021-12-01,0.8928,1.566,3975996,0.8275,119004.0,High,No,
1,2022-01-01,0.9159,1.167,4278555,0.8538,119004.0,High,No,
1,2022-02-01,0.9228,1.352,2748296,0.8233,119004.0,High,No,
1,2022-03-01,0.925,1.309,4241473,0.8545,119004.0,High,No,
1,2022-04-01,0.8946,2.423,4017538,0.8307,119004.0,High,No,
1,2022-05-01,0.9116,1.443,4277451,0.8419,119004.0,High,No,
1,2022-06-01,0.9138,1.438,4237477,0.8337,119004.0,High,No,
1,2022-07-01,0.9072,1.71,3914520,0.7947,119004.0,High,No,
1,2022-08-01,0.9194,1.365,4430001,0.8388,119004.0,High,No,
1,2022-09-01,0.9022,1.673,3755038,0.8505,119004.0,High,No,
1,2022-10-01,0.8995,1.717,4808273,0.8218,119004.0,High,No,
1,2022-11-01,0.9043,1.569,4951716,0.8445,119004.0,High,No,
1,2022-12-01,0.889,1.79,5064773,0.8038,119004.0,High,No,
1,2023-01-01,0.9062,1.797,5038278,0.8607,119004.0,High,No,
1,2023-02-01,0.9052,1.537,4260770,0.8332,119004.0,High,No,
1,2023-03-01,0.9161,1.427,5568615,0.8606,119004.0,High,No,
1,2023-04-01,0.8995,1.69,4724252,0.8373,119004.0,High,No,
1,2023-05-01,0.9059,1.605,5382139,0.8327,119004.0,High,No,
1,2023-06-01,0.8998,2.107,5455846,0.8646,119004.0,High,No,
1,2023-07-01,0.9086,1.532,4926997,0.8437,119004.0,High,No,
1,2023-08-01,0.8924,2.951,5118419,0.8495,119004.0,High,No,
1,2023-09-01,0.8794,1.88,4125928,0.8264,119004.0,High,No,
1,2023-10-01,0.8861,1.781,5698502,0.8097,119004.0,High,No,
1,2023-11-01,0.8877,1.773,5474069,0.8571,119004.0,High,No,
1,2023-12-01,0.8793,1.816,5210241,0.8063,119004.0,High,No,
1,2024-01-01,0.844,2.988,4765373,0.7522,119004.0,High,No,
1,2024-02-01,0.8937,2.038,4363445,0.7892,119004.0,High,No,
1,2024-03-01,0.8799,1.827,3775813,0.8171,119004.0,High,No,
1,2024-04-01,0.8779,2.638,5037463,0.7864,119004.0,High,No,
1,2024-05-01,0.8977,2.035,4797111,0.8242,119004.0,High,No,
1,2024-06-01,0.8991,1.7,4840214,0.847,119004.0,High,No,
1,2024-07-01,0.8797,1.886,5215829,0.8054,119004.0,High,No,
1,2024-08-01,0.8959,1.689,4465300,0.8402,119004.0,High,No,
1,2024-09-01,0.8954,1.728,4867927,0.8434,119004.0,High,No,
1,2024-10-01,0.9026,1.666,5666852,0.8309,119004.0,High,No,
1,2024-11-01,0.9061,1.543,5383264,0.8356,119004.0,High,No,
1,2024-12-01,0.8876,1.682,5552918,0.8182,119004.0,High,No,
1,2025-01-01,0.9231,1.259,6405407,0.8335,119004.0,High,No,
1,2025-02-01,0.9039,1.599,5147344,0.8191,119004.0,High,No,
1,2025-03-01,0.9098,1.533,5711406,0.8176,119004.0,High,No,
1,2025-04-01,0.9154,1.517,6128714,0.8575,119004.0,High,No,
1,2025-05-01,0.8863,1.895,5807598,0.8267,119004.0,High,No,
1,2025-06-01,0.9088,1.5,5586580,0.8654,119004.0,High,No,
1,2025-07-01,0.8773,2.245,6062211,0.8267,119004.0,High,No,
1,2025-08-01,0.9164,1.452,5553815,0.8801,119004.0,High,No,
1,2025-09-01,0.9049,1.65,5258778,0.8399,119004.0,High,No,
1,2025-10-01,0.8939,1.787,6816626,0.8312,119004.0,High,No,
1,2025-11-01,0.9118,1.51,5720885,0.8592,119004.0,High,No,
1,2025-12-01,0.8884,1.804,6677848,0.8076,119004.0,High,No,
1,2026-01-01,0.9088,1.532,5893016,0.8638,119004.0,High,No,
1,2026-02-01,0.8957,1.742,5007582,0.8233,119004.0,High,No,
1,2026-03-01,0.9098,1.588,6341996,0.8804,119004.0,High,No,
2,2015-01-01,0.8221,2.519,4719249,0.4729,106067.0,Low,No,
2,2015-02-01,0.7804,3.075,5038086,0.3703,106067.0,Low,No,
2,2015-03-01,0.7908,2.912,6034144,0.435,106067.0,Low,No,
2,2015-04-01,0.8404,2.277,5493498,0.4664,106067.0,Low,No,
2,2015-05-01,0.8375,2.262,4955225,0.443,106067.0,Low,No,
2,2015-06-01,0.8337,2.36,5317254,0.4267,106067.0,Low,No,
2,2015-07-01,0.8318,2.424,5368296,0.4139,106067.0,Low,No,
2,2015-08-01,0.8218,2.475,5294537,0.4053,106067.0,Low,No,
2,2015-09-01,0.8394,2.252,4762372,0.4537,106067.0,Low,No,
2,2015-10-01,0.8177,2.567,6155134,0.4106,106067.0,Low,No,
2,2015-11-01,0.8166,2.484,5247332,0.4168,106067.0,Low,No,
2,2015-12-01,0.8121,2.776,6144446,0.4246,106067.0,Low,No,
2,2016-01-01,0.8102,2.57,4369951,0.4138,106067.0,Low,No,
2,2016-02-01,0.7999,2.797,5221589,0.3996,106067.0,Low,No,
2,2016-03-01,0.8128,2.597,5890607,0.409,106067.0,Low,No,
2,2016-04-01,0.8079,2.942,5748607,0.3878,106067.0,Low,No,
2,2016-05-01,0.8057,2.696,5774990,0.3375,106067.0,Low,No,
2,2016-06-01,0.8127,2.699,5064139,0.3694,106067.0,Low,No,
2,2016-07-01,0.8209,2.442,4801975,0.2894,106067.0,Low,No,
2,2016-08-01,0.8281,2.494,5069890,0.3525,106067.0,Low,No,
2,2016-09-01,0.7805,3.094,4922912,0.3457,106067.0,Low,No,
2,2016-10-01,0.8,2.633,5214544,0.3618,106067.0,Low,No,
2,2016-11-01,0.7772,2.972,5892530,0.3535,106067.0,Low,No,
2,2016-12-01,0.7763,3.293,5681364,0.3186,106067.0,Low,No,
2,2017-01-01,0.7691,3.372,5477496,0.3376,106067.0,Low,No,
2,2017-02-01,0.7679,3.391,5103725,0.2733,106067.0,Low,No,
2,2017-03-01,0.7601,3.23,5820067,0.3048,106067.0,Low,No,
2,2017-04-01,0.8046,2.631,5014870,0.3252,106067.0,Low,No,
2,2017-05-01,0.7896,3.045,6051281,0.3004,106067.0,Low,No,
2,2017-06-01,0.7986,2.827,5824172,0.276,106067.0,Low,No,
2,2017-07-01,0.803,2.983,4873698,0.2771,106067.0,Low,No,
2,2017-08-01,0.7955,2.997,5640162,0.2791,106067.0,Low,No,
2,2017-09-01,0.7641,3.779,4434851,0.2771,106067.0,Low,No,
2,2017-10-01,0.789,2.942,5518437,0.3083,106067.0,Low,No,
2,2017-11-01,0.7747,3.05,5663520,0.2495,106067.0,Low,No,
2,2017-12-01,0.8429,1.909,5002857,0.4336,106067.0,Low,No,
2,2018-01-01,0.7993,2.607,5560529,0.3726,106067.0,Low,No,
2,2018-02-01,0.8378,2.047,4813304,0.4409,106067.0,Low,No,
2,2018-03-01,0.8327,2.023,5749220,0.4664,106067.0,Low,No,
2,2018-04-01,0.8448,2.549,5099396,0.4935,106067.0,Low,No,
2,2018-05-01,0.8583,1.685,5650884,0.5343,106067.0,Low,No,
2,2018-06-01,0.8749,1.426,5690032,0.5816,106067.0,Low,No,
2,2018-07-01,0.8518,1.914,5149114,0.4685,106067.0,Low,No,
2,2018-08-01,0.8534,1.833,4853589,0.573,106067.0,Low,No,
2,2018-09-01,0.859,1.637,4026087,0.5715,106067.0,Low,No,
2,2018-10-01,0.8557,1.749,5642906,0.6113,106067.0,Low,No,
2,2018-11-01,0.836,2.365,5368864,0.61,106067.0,Low,No,
2,2018-12-01,0.8517,1.991,4977285,0.6191,106067.0,Low,No,
2,2019-01-01,0.8862,1.252,5343325,0.7235,106067.0,Low,No,
2,2019-02-01,0.8846,1.795,4328975,0.7214,106067.0,Low,No,
2,2019-03-01,0.8739,1.453,5007405,0.7195,106067.0,Low,No,
2,2019-04-01,0.8897,1.18,5397266,0.7136,106067.0,Low,No,
2,2019-05-01,0.8759,1.402,5430130,0.671,106067.0,Low,No,
2,2019-06-01,0.8871,1.314,4927418,0.6838,106067.0,Low,No,
2,2019-07-01,0.8791,2.602,5013309,0.6495,106067.0,Low,No,
2,2019-08-01,0.8918,1.494,4956874,0.729,106067.0,Low,No,
2,2019-09-01,0.8967,1.085,4255203,0.7405,106067.0,Low,No,
2,2019-10-01,0.8856,1.259,5902927,0.7472,106067.0,Low,No,
2,2019-11-01,0.8931,1.076,5044859,0.7606,106067.0,Low,No,
2,2019-12-01,0.8672,1.589,5349592,0.7354,106067.0,Low,No,
2,2020-01-01,0.8731,1.735,5525236,0.7996,106067.0,Low,No,
2,2020-02-01,0.8827,1.208,4308833,0.7789,106067.0,Low,No,
2,2020-03-01,0.9101,0.606,2403648,0.823,106067.0,Low,No,
2,2020-04-01,0.8635,-0.421,320144,0.7907,106067.0,Low,No,
2,2020-05-01,0.9026,-0.117,527266,0.8895,106067.0,Low,No,
2,2020-06-01,0.9003,0.238,754091,0.8819,106067.0,Low,No,
2,2020-07-01,0.8841,0.74,862288,0.8335,106067.0,Low,No,
2,2020-08-01,0.8682,1.26,1035392,0.7964,106067.0,Low,No,
2,2020-09-01,0.8979,0.418,1050806,0.7848,106067.0,Low,No,
2,2020-10-01,0.8925,0.633,1502268,0.8316,106067.0,Low,No,
2,2020-11-01,0.8921,0.669,1445483,0.7735,106067.0,Low,No,
2,2020-12-01,0.8865,0.732,1550493,0.7993,106067.0,Low,No,
2,2021-01-01,0.8941,0.611,1297097,0.7878,106067.0,Low,No,
2,2021-02-01,0.8501,1.616,1234779,0.7125,106067.0,Low,No,
2,2021-03-01,0.8916,0.548,1553516,0.7764,106067.0,Low,No,
2,2021-04-01,0.8981,0.391,1592487,0.8123,106067.0,Low,No,
2,2021-05-01,0.8901,0.534,1462596,0.7908,106067.0,Low,No,
2,2021-06-01,0.8903,0.534,1846102,0.7637,106067.0,Low,No,
2,2021-07-01,0.8769,0.915,1776365,0.7649,106067.0,Low,No,
2,2021-08-01,0.9003,0.461,2009988,0.7977,106067.0,Low,No,
2,2021-09-01,0.8994,0.577,1771152,0.7586,106067.0,Low,No,
2,2021-10-01,0.8848,0.813,2404699,0.7644,106067.0,Low,No,
2,2021-11-01,0.8855,0.881,2712049,0.7896,106067.0,Low,No,
2,2021-12-01,0.881,0.73,2921497,0.7019,106067.0,Low,No,
2,2022-01-01,0.8937,0.425,3257150,0.7284,106067.0,Low,No,
2,2022-02-01,0.8732,1.071,2011102,0.7052,106067.0,Low,No,
2,2022-03-01,0.8975,0.551,2911344,0.7657,106067.0,Low,No,
2,2022-04-01,0.8609,1.693,2776718,0.693,106067.0,Low,No,
2,2022-05-01,0.8824,0.942,2748847,0.7073,106067.0,Low,No,
2,2022-06-01,0.8854,0.895,2922813,0.7344,106067.0,Low,No,
2,2022-07-01,0.8811,1.403,2654296,0.6946,106067.0,Low,No,
2,2022-08-01,0.8864,1.252,3021303,0.7385,106067.0,Low,No,
2,2022-09-01,0.8579,1.904,4300411,0.677,106067.0,Low,No,
2,2022-10-01,0.8856,1.351,5335294,0.71,106067.0,Low,No,
2,2022-11-01,0.888,1.361,3322348,0.7185,106067.0,Low,No,
2,2022-12-01,0.8699,1.582,3293978,0.7043,106067.0,Low,No,
2,2023-01-01,0.8831,1.307,4313639,0.764,106067.0,Low,No,
2,2023-02-01,0.8966,1.173,3062987,0.7772,106067.0,Low,No,
2,2023-03-01,0.8838,1.376,3632163,0.7602,106067.0,Low,No,
2,2023-04-01,0.8749,1.783,3156480,0.7711,106067.0,Low,No,
2,2023-05-01,0.879,1.374,3591474,0.7397,106067.0,Low,No,
2,2023-06-01,0.8944,1.394,3625703,0.8083,106067.0,Low,No,
2,2023-07-01,0.8875,1.245,3253332,0.7528,106067.0,Low,No,
2,2023-08-01,0.8771,2.81,3382194,0.7843,106067.0,Low,No,
2,2023-09-01,0.8763,1.557,2749895,0.7222,106067.0,Low,No,
2,2023-10-01,0.8458,2.028,3707057,0.6714,106067.0,Low,No,
2,2023-11-01,0.8679,1.607,3548820,0.7049,106067.0,Low,No,
2,2023-12-01,0.8663,1.595,3401715,0.6981,106067.0,Low,No,
2,2024-01-01,0.851,2.635,3092725,0.678,106067.0,Low,No,
2,2024-02-01,0.8717,1.498,2815865,0.6167,106067.0,Low,No,
2,2024-03-01,0.882,1.393,3312437,0.6772,106067.0,Low,No,
2,2024-04-01,0.8635,2.071,3621922,0.7121,106067.0,Low,No,
2,2024-05-01,0.8885,1.547,3429320,0.7591,106067.0,Low,No,
2,2024-06-01,0.8725,1.659,3284178,0.702,106067.0,Low,No,
2,2024-07-01,0.8737,1.562,3539923,0.7303,106067.0,Low,No,
2,2024-08-01,0.8563,2.192,2982010,0.7088,106067.0,Low,No,
2,2024-09-01,0.8753,1.433,3240494,0.7255,106067.0,Low,No,
2,2024-10-01,0.8762,1.486,3801007,0.7442,106067.0,Low,No,
2,2024-11-01,0.8672,1.928,3525871,0.6937,106067.0,Low,No,
2,2024-12-01,0.8685,1.596,3672603,0.6674,106067.0,Low,No,
2,2025-01-01,0.8574,1.719,4147635,0.6951,106067.0,Low,No,
2,2025-02-01,0.8668,1.698,3307910,0.7145,106067.0,Low,No,
2,2025-03-01,0.8667,1.543,3678032,0.7031,106067.0,Low,No,
2,2025-04-01,0.8626,1.857,4185466,0.6981,106067.0,Low,No,
2,2025-05-01,0.8692,1.538,3967897,0.7228,106067.0,Low,No,
2,2025-06-01,0.8785,1.446,3882367,0.759,106067.0,Low,No,
2,2025-07-01,0.8675,1.475,3969994,0.7963,106067.0,Low,No,
2,2025-08-01,0.8701,1.555,3733888,0.7413,106067.0,Low,No,
2,2025-09-01,0.8402,2.261,3537256,0.6801,106067.0,Low,No,
2,2025-10-01,0.8553,2.004,4506829,0.7279,106067.0,Low,No,
2,2025-11-01,0.8697,1.553,3825267,0.7089,106067.0,Low,No,
2,2025-12-01,0.857,1.717,4415410,0.6911,106067.0,Low,No,
2,2026-01-01,0.868,1.655,3788504,0.7256,106067.0,Low,No,
2,2026-02-01,0.8695,1.549,3341919,0.7284,106067.0,Low,No,
2,2026-03-01,0.8561,2.253,4208823,0.7564,106067.0,Low,No,
3,2015-01-01,0.8777,1.956,3499903,0.6863,119129.0,High,No,
3,2015-02-01,0.8435,2.384,3763947,0.5874,119129.0,High,No,
3,2015-03-01,0.8493,2.357,4582529,0.6369,119129.0,High,No,
3,2015-04-01,0.8914,1.827,4147579,0.6703,119129.0,High,No,
3,2015-05-01,0.888,1.833,3795412,0.6709,119129.0,High,No,
3,2015-06-01,0.887,1.796,4035042,0.6867,119129.0,High,No,
3,2015-07-01,0.8809,1.906,4089201,0.6566,119129.0,High,No,
3,2015-08-01,0.8626,2.091,4070107,0.6417,119129.0,High,No,
3,2015-09-01,0.8973,1.694,3651318,0.6651,119129.0,High,No,
3,2015-10-01,0.8782,2.003,4685910,0.6162,119129.0,High,No,
3,2015-11-01,0.8792,1.897,3914738,0.6577,119129.0,High,No,
3,2015-12-01,0.8711,2.141,4625713,0.6437,119129.0,High,No,
3,2016-01-01,0.8739,1.949,3291490,0.6376,119129.0,High,No,
3,2016-02-01,0.8685,2.006,3989341,0.6232,119129.0,High,No,
3,2016-03-01,0.8682,2.072,4495850,0.6313,119129.0,High,No,
3,2016-04-01,0.8706,2.112,4132834,0.615,119129.0,High,No,
3,2016-05-01,0.8665,2.108,4426187,0.5777,119129.0,High,No,
3,2016-06-01,0.8826,1.988,3737636,0.5974,119129.0,High,No,
3,2016-07-01,0.8841,1.854,3733053,0.5568,119129.0,High,No,
3,2016-08-01,0.8755,2.016,4453431,0.5518,119129.0,High,No,
3,2016-09-01,0.8434,2.46,3648963,0.4831,119129.0,High,No,
3,2016-10-01,0.8664,1.892,4268206,0.5378,119129.0,High,No,
3,2016-11-01,0.8486,2.278,4335012,0.5441,119129.0,High,No,
3,2016-12-01,0.8627,2.424,4210727,0.5656,119129.0,High,No,
3,2017-01-01,0.8419,2.569,3977920,0.5394,119129.0,High,No,
3,2017-02-01,0.8427,2.518,3694292,0.5027,119129.0,High,No,
3,2017-03-01,0.8287,2.47,4257178,0.4879,119129.0,High,No,
3,2017-04-01,0.8745,1.941,3669935,0.5379,119129.0,High,No,
3,2017-05-01,0.8502,2.501,4319737,0.5035,119129.0,High,No,
3,2017-06-01,0.8487,2.386,4302042,0.4508,119129.0,High,No,
3,2017-07-01,0.8565,2.479,3700338,0.5016,119129.0,High,No,
3,2017-08-01,0.8562,2.45,4282026,0.5042,119129.0,High,No,
3,2017-09-01,0.8257,3.256,3375092,0.4448,119129.0,High,No,
3,2017-10-01,0.8384,2.576,4233248,0.475,119129.0,High,No,
3,2017-11-01,0.8294,2.556,4365892,0.4133,119129.0,High,No,
3,2017-12-01,0.8851,1.484,3548363,0.5935,119129.0,High,No,
3,2018-01-01,0.8464,2.002,4063557,0.568,119129.0,High,No,
3,2018-02-01,0.8785,1.558,3573330,0.6146,119129.0,High,No,
3,2018-03-01,0.8794,1.539,4188175,0.6244,119129.0,High,No,
3,2018-04-01,0.8956,1.597,3646300,0.6965,119129.0,High,No,
3,2018-05-01,0.8939,1.321,4117292,0.6881,119129.0,High,No,
3,2018-06-01,0.9134,1.088,4243837,0.7096,119129.0,High,No,
3,2018-07-01,0.895,1.412,3905541,0.6373,119129.0,High,No,
3,2018-08-01,0.9018,1.128,4128805,0.75,119129.0,High,No,
3,2018-09-01,0.8989,1.387,3086110,0.7233,119129.0,High,No,
3,2018-10-01,0.892,1.459,4208620,0.7306,119129.0,High,No,
3,2018-11-01,0.8773,1.622,3974029,0.7352,119129.0,High,No,
3,2018-12-01,0.8914,1.411,3684832,0.7402,119129.0,High,No,
3,2019-01-01,0.918,0.929,3952478,0.8263,119129.0,High,No,
3,2019-02-01,0.914,0.977,3305462,0.8518,119129.0,High,No,
3,2019-03-01,0.8992,1.236,3826052,0.7965,119129.0,High,No,
3,2019-04-01,0.921,0.88,4098460,0.8023,119129.0,High,No,
3,2019-05-01,0.9089,1.029,4120773,0.7943,119129.0,High,No,
3,2019-06-01,0.9107,0.962,3764045,0.7767,119129.0,High,No,
3,2019-07-01,0.9039,2.206,3890013,0.7916,119129.0,High,No,
3,2019-08-01,0.903,1.43,3881469,0.8558,119129.0,High,No,
3,2019-09-01,0.9243,0.766,3312255,0.8428,119129.0,High,No,
3,2019-10-01,0.9156,0.842,4425622,0.8733,119129.0,High,No,
3,2019-11-01,0.9242,0.765,3841441,0.865,119129.0,High,No,
3,2019-12-01,0.8981,1.172,4018044,0.8436,119129.0,High,No,
3,2020-01-01,0.8974,1.441,4155656,0.8562,119129.0,High,No,
3,2020-02-01,0.9101,0.921,3309668,0.8557,119129.0,High,No,
3,2020-03-01,0.9364,0.32,1756788,0.9032,119129.0,High,No,
3,2020-04-01,0.8851,-0.928,134411,0.8762,119129.0,High,No,
3,2020-05-01,0.9294,-0.534,271145,0.927,119129.0,High,No,
3,2020-06-01,0.9137,0.232,469599,0.9275,119129.0,High,No,
3,2020-07-01,0.8979,0.621,562324,0.8955,119129.0,High,No,
3,2020-08-01,0.8778,1.088,702975,0.8402,119129.0,High,No,
3,2020-09-01,0.9059,0.487,718743,0.8684,119129.0,High,No,
3,2020-10-01,0.9042,0.469,1013133,0.881,119129.0,High,No,
3,2020-11-01,0.9044,0.615,985405,0.8633,119129.0,High,No,
3,2020-12-01,0.8988,0.64,1067720,0.8545,119129.0,High,No,
3,2021-01-01,0.9026,0.623,880580,0.8604,119129.0,High,No,
3,2021-02-01,0.8625,1.383,801135,0.8105,119129.0,High,No,
3,2021-03-01,0.9006,0.53,1056509,0.8554,119129.0,High,No,
3,2021-04-01,0.9138,0.399,1079250,0.8609,119129.0,High,No,
3,2021-05-01,0.9095,0.449,993655,0.8478,119129.0,High,No,
3,2021-06-01,0.905,0.493,1304136,0.8148,119129.0,High,No,
3,2021-07-01,0.8927,0.753,1258701,0.8382,119129.0,High,No,
3,2021-08-01,0.9061,0.535,1485443,0.8277,119129.0,High,No,
3,2021-09-01,0.9134,0.438,1304024,0.8396,119129.0,High,No,
3,2021-10-01,0.9099,0.505,1759601,0.8269,119129.0,High,No,
3,2021-11-01,0.9078,0.852,2698096,0.8715,119129.0,High,No,
3,2021-12-01,0.8983,0.646,1928751,0.8096,119129.0,High,No,
3,2022-01-01,0.8869,0.61,1594085,0.8293,119129.0,High,No,
3,2022-02-01,0.8997,0.704,1457666,0.8303,119129.0,High,No,
3,2022-03-01,0.923,0.315,2113694,0.8743,119129.0,High,No,
3,2022-04-01,0.8779,1.611,2074085,0.8169,119129.0,High,No,
3,2022-05-01,0.9083,0.613,2070254,0.8305,119129.0,High,No,
3,2022-06-01,0.9057,0.692,2177527,0.8085,119129.0,High,No,
3,2022-07-01,0.9036,1.342,1863879,0.7608,119129.0,High,No,
3,2022-08-01,0.8955,1.348,2142361,0.8111,119129.0,High,No,
3,2022-09-01,0.8834,1.623,2002149,0.7888,119129.0,High,No,
3,2022-10-01,0.897,1.348,2537577,0.831,119129.0,High,No,
3,2022-11-01,0.9092,1.335,2599526,0.8678,119129.0,High,No,
3,2022-12-01,0.8818,1.539,2614297,0.8276,119129.0,High,No,
3,2023-01-01,0.9061,1.151,2571511,0.8787,119129.0,High,No,
3,2023-02-01,0.9078,1.151,2205254,0.8872,119129.0,High,No,
3,2023-03-01,0.8997,1.263,2917193,0.8752,119129.0,High,No,
3,2023-04-01,0.8859,1.68,2481810,0.865,119129.0,High,No,
3,2023-05-01,0.897,1.305,2821462,0.87,119129.0,High,No,
3,2023-06-01,0.906,1.273,2857721,0.881,119129.0,High,No,
3,2023-07-01,0.8985,1.178,2602723,0.8806,119129.0,High,No,
3,2023-08-01,0.8849,2.727,2702563,0.8749,119129.0,High,No,
3,2023-09-01,0.8844,1.532,2179758,0.8312,119129.0,High,No,
3,2023-10-01,0.8727,1.707,2917715,0.8033,119129.0,High,No,
3,2023-11-01,0.8872,1.428,2817332,0.8684,119129.0,High,No,
3,2023-12-01,0.8826,1.444,2645475,0.8338,119129.0,High,No,
3,2024-01-01,0.8597,2.567,2370173,0.7857,119129.0,High,No,
3,2024-02-01,0.9009,1.135,2145013,0.8129,119129.0,High,No,
3,2024-03-01,0.9024,1.16,2534522,0.8091,119129.0,High,No,
3,2024-04-01,0.8778,2.132,2736198,0.8075,119129.0,High,No,
3,2024-05-01,0.9027,1.479,2636872,0.8735,119129.0,High,No,
3,2024-06-01,0.8992,1.351,2550629,0.8443,119129.0,High,No,
3,2024-07-01,0.8734,1.73,2771804,0.8295,119129.0,High,No,
3,2024-08-01,0.8765,1.634,2329676,0.8257,119129.0,High,No,
3,2024-09-01,0.8987,1.184,2556601,0.8296,119129.0,High,No,
3,2024-10-01,0.8991,1.345,2934186,0.835,119129.0,High,No,
3,2024-11-01,0.8922,1.436,2725367,0.8128,119129.0,High,No,
3,2024-12-01,0.8933,1.388,2867205,0.8334,119129.0,High,No,
3,2025-01-01,0.8893,1.484,3267368,0.7984,119129.0,High,No,
3,2025-02-01,0.9044,1.234,2608766,0.7656,119129.0,High,No,
3,2025-03-01,0.9009,1.196,2845956,0.7908,119129.0,High,No,
3,2025-04-01,0.8934,1.429,3128893,0.8364,119129.0,High,No,
3,2025-05-01,0.8968,1.315,2980360,0.859,119129.0,High,No,
3,2025-06-01,0.8922,1.357,2914865,0.83,119129.0,High,No,
3,2025-07-01,0.8793,1.558,3153005,0.8466,119129.0,High,No,
3,2025-08-01,0.8854,1.462,2843427,0.8221,119129.0,High,No,
3,2025-09-01,0.8675,1.888,2659883,0.76,119129.0,High,No,
3,2025-10-01,0.8688,1.712,3432408,0.8245,119129.0,High,No,
3,2025-11-01,0.8819,1.513,2772825,0.8214,119129.0,High,No,
3,2025-12-01,0.8782,1.471,3245415,0.8009,119129.0,High,No,
3,2026-01-01,0.8907,1.469,2832844,0.8227,119129.0,High,No,
3,2026-02-01,0.8822,1.605,2503964,0.809,119129.0,High,No,
3,2026-03-01,0.8811,1.865,3182407,0.8263,119129.0,High,No,
4,2015-01-01,0.7707,3.268,5547859,0.4843,107087.0,Medium,No,
4,2015-02-01,0.745,3.664,5850218,0.4251,107087.0,Medium,No,
4,2015-03-01,0.7356,3.88,7008786,0.3985,107087.0,Medium,No,
4,2015-04-01,0.7747,3.06,6372764,0.4382,107087.0,Medium,No,
4,2015-05-01,0.7441,3.52,5863729,0.4162,107087.0,Medium,No,
4,2015-06-01,0.762,3.362,6380307,0.4311,107087.0,Medium,No,
4,2015-07-01,0.7766,3.083,6469819,0.4275,107087.0,Medium,No,
4,2015-08-01,0.7564,3.856,6258545,0.4447,107087.0,Medium,No,
4,2015-09-01,0.7687,3.529,5932929,0.4385,107087.0,Medium,No,
4,2015-10-01,0.7388,3.585,7361063,0.4128,107087.0,Medium,No,
4,2015-11-01,0.7466,3.515,6197041,0.4271,107087.0,Medium,No,
4,2015-12-01,0.7959,2.877,7331430,0.4444,107087.0,Medium,No,
4,2016-01-01,0.7528,3.441,5187994,0.4017,107087.0,Medium,No,
4,2016-02-01,0.7286,3.791,6072199,0.3643,107087.0,Medium,No,
4,2016-03-01,0.7664,3.239,7011374,0.4108,107087.0,Medium,No,
4,2016-04-01,0.7645,3.326,6698134,0.3993,107087.0,Medium,No,
4,2016-05-01,0.7582,3.614,7044038,0.381,107087.0,Medium,No,
4,2016-06-01,0.7901,3.012,6002046,0.4025,107087.0,Medium,No,
4,2016-07-01,0.7788,3.226,5887049,0.3522,107087.0,Medium,No,
4,2016-08-01,0.8132,2.82,6953795,0.4155,107087.0,Medium,No,
4,2016-09-01,0.7574,3.328,5880077,0.3651,107087.0,Medium,No,
4,2016-10-01,0.7357,3.775,7163822,0.3648,107087.0,Medium,No,
4,2016-11-01,0.7193,4.08,6936576,0.3303,107087.0,Medium,No,
4,2016-12-01,0.7228,3.8,6673919,0.3251,107087.0,Medium,No,
4,2017-01-01,0.7227,3.929,6443275,0.3153,107087.0,Medium,No,
4,2017-02-01,0.7583,3.327,5726065,0.3339,107087.0,Medium,No,
4,2017-03-01,0.7393,3.574,6706264,0.3312,107087.0,Medium,No,
4,2017-04-01,0.7718,3.422,5631983,0.2986,107087.0,Medium,No,
4,2017-05-01,0.7521,3.624,6761654,0.2798,107087.0,Medium,No,
4,2017-06-01,0.7772,3.148,6446231,0.3015,107087.0,Medium,No,
4,2017-07-01,0.7958,2.919,5707405,0.3441,107087.0,Medium,No,
4,2017-08-01,0.7787,3.112,6787130,0.3723,107087.0,Medium,No,
4,2017-09-01,0.7469,3.594,5234920,0.3199,107087.0,Medium,No,
4,2017-10-01,0.7718,3.159,6902777,0.3294,107087.0,Medium,No,
4,2017-11-01,0.7445,3.722,6773468,0.2703,107087.0,Medium,No,
4,2017-12-01,0.7994,2.687,5587784,0.4339,107087.0,Medium,No,
4,2018-01-01,0.7753,2.964,6351965,0.3826,107087.0,Medium,No,
4,2018-02-01,0.8112,2.484,5423734,0.4227,107087.0,Medium,No,
4,2018-03-01,0.8018,3.374,6363683,0.4735,107087.0,Medium,No,
4,2018-04-01,0.8379,2.147,5633550,0.5455,107087.0,Medium,No,
4,2018-05-01,0.8355,2.063,6350844,0.5475,107087.0,Medium,No,
4,2018-06-01,0.8508,1.825,6323222,0.5769,107087.0,Medium,No,
4,2018-07-01,0.8326,2.097,5844610,0.5579,107087.0,Medium,No,
4,2018-08-01,0.8691,1.399,5943657,0.6434,107087.0,Medium,No,
4,2018-09-01,0.8213,2.312,4706677,0.5972,107087.0,Medium,No,
4,2018-10-01,0.8282,2.238,6440230,0.6261,107087.0,Medium,No,
4,2018-11-01,0.8365,2.004,6077152,0.6281,107087.0,Medium,No,
4,2018-12-01,0.8326,2.052,5639411,0.6172,107087.0,Medium,No,
4,2019-01-01,0.8509,1.995,6041224,0.6602,107087.0,Medium,No,
4,2019-02-01,0.865,1.76,4838072,0.7029,107087.0,Medium,No,
4,2019-03-01,0.8659,1.608,5682086,0.7386,107087.0,Medium,No,
4,2019-04-01,0.8675,1.463,6006244,0.7542,107087.0,Medium,No,
4,2019-05-01,0.8648,1.542,6087190,0.7184,107087.0,Medium,No,
4,2019-06-01,0.8709,1.467,5533465,0.7224,107087.0,Medium,No,
4,2019-07-01,0.8433,3.128,5774176,0.7287,107087.0,Medium,No,
4,2019-08-01,0.8886,1.178,5685846,0.7641,107087.0,Medium,No,
4,2019-09-01,0.8488,1.895,5039734,0.7154,107087.0,Medium,No,
4,2019-10-01,0.859,1.838,6788570,0.7592,107087.0,Medium,No,
4,2019-11-01,0.8544,1.63,5618632,0.7508,107087.0,Medium,No,
4,2019-12-01,0.8723,1.3,5816660,0.786,107087.0,Medium,No,
4,2020-01-01,0.8779,1.261,6174263,0.8029,107087.0,Medium,No,
4,2020-02-01,0.8717,1.325,4911756,0.7874,107087.0,Medium,No,
4,2020-03-01,0.9151,0.595,2711445,0.8397,107087.0,Medium,No,
4,2020-04-01,0.8795,-1.048,354076,0.8988,107087.0,Medium,No,
4,2020-05-01,0.9338,-1.474,642017,0.9266,107087.0,Medium,No,
4,2020-06-01,0.9041,0.057,1032667,0.8893,107087.0,Medium,No,
4,2020-07-01,0.8893,0.321,1173633,0.8616,107087.0,Medium,No,
4,2020-08-01,0.8757,0.499,1376143,0.8254,107087.0,Medium,No,
4,2020-09-01,0.9108,-0.13,1359273,0.8785,107087.0,Medium,No,
4,2020-10-01,0.909,0.08,1896967,0.8838,107087.0,Medium,No,
4,2020-11-01,0.8927,0.451,1803705,0.878,107087.0,Medium,No,
4,2020-12-01,0.8908,0.462,1954236,0.8652,107087.0,Medium,No,
4,2021-01-01,0.8898,0.433,1658723,0.8727,107087.0,Medium,No,
4,2021-02-01,0.8694,0.986,1566070,0.8248,107087.0,Medium,No,
4,2021-03-01,0.8849,0.522,1998136,0.858,107087.0,Medium,No,
4,2021-04-01,0.8947,0.382,2018988,0.8648,107087.0,Medium,No,
4,2021-05-01,0.8999,0.323,1845081,0.8585,107087.0,Medium,No,
4,2021-06-01,0.8815,0.855,2292749,0.804,107087.0,Medium,No,
4,2021-07-01,0.8948,0.308,2232952,0.8493,107087.0,Medium,No,
4,2021-08-01,0.9059,0.146,2504243,0.83,107087.0,Medium,No,
4,2021-09-01,0.8903,0.486,2275323,0.7743,107087.0,Medium,No,
4,2021-10-01,0.8994,0.307,2954297,0.8384,107087.0,Medium,No,
4,2021-11-01,0.8988,0.475,3287681,0.8248,107087.0,Medium,No,
4,2021-12-01,0.8885,0.691,3314761,0.7923,107087.0,Medium,No,
4,2022-01-01,0.8581,1.168,3314264,0.7682,107087.0,Medium,No,
4,2022-02-01,0.8789,0.931,2456155,0.7658,107087.0,Medium,No,
4,2022-03-01,0.88,0.938,3454328,0.7914,107087.0,Medium,No,
4,2022-04-01,0.879,1.079,3330938,0.791,107087.0,Medium,No,
4,2022-05-01,0.8976,0.48,3227088,0.8,107087.0,Medium,No,
4,2022-06-01,0.8841,0.66,3425031,0.7938,107087.0,Medium,No,
4,2022-07-01,0.8777,1.291,3083853,0.7755,107087.0,Medium,No,
4,2022-08-01,0.9064,0.898,3551925,0.8281,107087.0,Medium,No,
4,2022-09-01,0.8912,1.248,3139756,0.8035,107087.0,Medium,No,
4,2022-10-01,0.879,1.411,3836679,0.793,107087.0,Medium,No,
4,2022-11-01,0.8487,1.915,3712518,0.8087,107087.0,Medium,No,
4,2022-12-01,0.8666,1.669,3660143,0.7971,107087.0,Medium,No,
4,2023-01-01,0.8812,1.956,3509756,0.8224,107087.0,Medium,No,
4,2023-02-01,0.8875,1.353,3102189,0.839,107087.0,Medium,No,
4,2023-03-01,0.8907,1.345,3947077,0.8164,107087.0,Medium,No,
4,2023-04-01,0.8966,1.169,3508613,0.8374,107087.0,Medium,No,
4,2023-05-01,0.8792,1.453,4225593,0.8318,107087.0,Medium,No,
4,2023-06-01,0.8952,1.072,4146450,0.8556,107087.0,Medium,No,
4,2023-07-01,0.8898,1.167,3710813,0.803,107087.0,Medium,No,
4,2023-08-01,0.888,1.23,3744966,0.8331,107087.0,Medium,No,
4,2023-09-01,0.8834,1.41,3057246,0.807,107087.0,Medium,No,
4,2023-10-01,0.8775,1.528,4262907,0.8046,107087.0,Medium,No,
4,2023-11-01,0.9032,1.1,4030973,0.8228,107087.0,Medium,No,
4,2023-12-01,0.8731,1.46,3745935,0.7897,107087.0,Medium,No,
4,2024-01-01,0.8664,1.634,3750492,0.7856,107087.0,Medium,No,
4,2024-02-01,0.8863,1.361,3286224,0.7608,107087.0,Medium,No,
4,2024-03-01,0.8579,1.827,3884512,0.7942,107087.0,Medium,No,
4,2024-04-01,0.8879,1.246,4307078,0.8074,107087.0,Medium,No,
4,2024-05-01,0.8835,1.536,3943926,0.8032,107087.0,Medium,No,
4,2024-06-01,0.8571,1.638,3855973,0.8041,107087.0,Medium,No,
4,2024-07-01,0.8804,1.395,4273720,0.8105,107087.0,Medium,No,
4,2024-08-01,0.8839,1.256,3530318,0.8395,107087.0,Medium,No,
4,2024-09-01,0.8743,1.379,3943581,0.8004,107087.0,Medium,No,
4,2024-10-01,0.8755,1.729,4498115,0.8253,107087.0,Medium,No,
4,2024-11-01,0.8917,1.319,4055561,0.8144,107087.0,Medium,No,
4,2024-12-01,0.8778,1.302,4294458,0.8088,107087.0,Medium,No,
4,2025-01-01,0.8712,1.525,4596870,0.8094,107087.0,Medium,No,
4,2025-02-01,0.8871,1.335,3810994,0.7978,107087.0,Medium,No,
4,2025-03-01,0.886,1.589,4142943,0.8518,107087.0,Medium,No,
4,2025-04-01,0.8883,1.392,4674461,0.8063,107087.0,Medium,No,
4,2025-05-01,0.8906,1.306,4442208,0.828,107087.0,Medium,No,
4,2025-06-01,0.8943,1.173,4339453,0.8184,107087.0,Medium,No,
4,2025-07-01,0.9202,0.721,4860424,0.8496,107087.0,Medium,No,
4,2025-08-01,0.8891,1.245,4236238,0.8303,107087.0,Medium,No,
4,2025-09-01,0.8695,1.529,4175371,0.8087,107087.0,Medium,No,
4,2025-10-01,0.8932,1.262,5159015,0.8117,107087.0,Medium,No,
4,2025-11-01,0.8779,1.515,4275794,0.8125,107087.0,Medium,No,
4,2025-12-01,0.9002,1.108,4966058,0.8177,107087.0,Medium,No,
4,2026-01-01,0.8841,1.394,4192374,0.7703,107087.0,Medium,No,
4,2026-02-01,0.8875,1.15,3972998,0.763,107087.0,Medium,No,
4,2026-03-01,0.8956,1.318,4682515,0.8294,107087.0,Medium,No,
5,2015-01-01,0.7512,3.591,4378438,0.4935,100899.0,Low,No,
5,2015-02-01,0.7051,4.361,4575131,0.4033,100899.0,Low,No,
5,2015-03-01,0.7056,4.498,5400980,0.3885,100899.0,Low,No,
5,2015-04-01,0.7475,3.474,5035620,0.4415,100899.0,Low,No,
5,2015-05-01,0.7203,3.828,4686722,0.402,100899.0,Low,No,
5,2015-06-01,0.7373,3.814,4978684,0.4036,100899.0,Low,No,
5,2015-07-01,0.7504,3.574,4996983,0.387,100899.0,Low,No,
5,2015-08-01,0.7175,4.431,5028336,0.3478,100899.0,Low,No,
5,2015-09-01,0.7477,3.598,4673291,0.3814,100899.0,Low,No,
5,2015-10-01,0.7158,4.02,5788672,0.3604,100899.0,Low,No,
5,2015-11-01,0.7151,3.927,4848326,0.3886,100899.0,Low,No,
5,2015-12-01,0.7547,3.489,5467726,0.3819,100899.0,Low,No,
5,2016-01-01,0.7261,3.887,4154594,0.3782,100899.0,Low,No,
5,2016-02-01,0.6987,4.284,4865694,0.379,100899.0,Low,No,
5,2016-03-01,0.7347,3.634,5644316,0.3676,100899.0,Low,No,
5,2016-04-01,0.7366,4.074,5333721,0.3849,100899.0,Low,No,
5,2016-05-01,0.7365,3.745,5404705,0.3494,100899.0,Low,No,
5,2016-06-01,0.7609,3.435,4678025,0.3945,100899.0,Low,No,
5,2016-07-01,0.7624,3.482,4665666,0.3864,100899.0,Low,No,
5,2016-08-01,0.7848,3.139,5550690,0.3846,100899.0,Low,No,
5,2016-09-01,0.7296,3.918,4731046,0.3578,100899.0,Low,No,
5,2016-10-01,0.7274,3.72,5635622,0.3709,100899.0,Low,No,
5,2016-11-01,0.7029,4.305,5533945,0.3535,100899.0,Low,No,
5,2016-12-01,0.6925,4.24,5325007,0.351,100899.0,Low,No,
5,2017-01-01,0.6908,4.608,5188057,0.349,100899.0,Low,No,
5,2017-02-01,0.7164,4.026,4604525,0.3222,100899.0,Low,No,
5,2017-03-01,0.6898,4.437,5305689,0.3126,100899.0,Low,No,
5,2017-04-01,0.7236,4.165,4551653,0.3092,100899.0,Low,No,
5,2017-05-01,0.7271,4.043,5247856,0.262,100899.0,Low,No,
5,2017-06-01,0.7507,3.511,4855331,0.3152,100899.0,Low,No,
5,2017-07-01,0.7833,3.109,4344206,0.3372,100899.0,Low,No,
5,2017-08-01,0.7682,3.366,5089798,0.341,100899.0,Low,No,
5,2017-09-01,0.727,3.96,3889832,0.2614,100899.0,Low,No,
5,2017-10-01,0.7531,3.469,4795011,0.2449,100899.0,Low,No,
5,2017-11-01,0.723,3.899,4951739,0.2518,100899.0,Low,No,
5,2017-12-01,0.7949,2.825,4485733,0.4712,100899.0,Low,No,
5,2018-01-01,0.7599,3.246,5149066,0.4173,100899.0,Low,No,
5,2018-02-01,0.8014,2.523,4440005,0.4959,100899.0,Low,No,
5,2018-03-01,0.7916,3.404,5193716,0.5314,100899.0,Low,No,
5,2018-04-01,0.8294,2.454,4624356,0.5386,100899.0,Low,No,
5,2018-05-01,0.8308,2.24,5185954,0.6268,100899.0,Low,No,
5,2018-06-01,0.8485,1.745,5237781,0.641,100899.0,Low,No,
5,2018-07-01,0.8338,1.966,4783806,0.5957,100899.0,Low,No,
5,2018-08-01,0.8552,1.585,4615799,0.6857,100899.0,Low,No,
5,2018-09-01,0.8221,2.274,3794738,0.6126,100899.0,Low,No,
5,2018-10-01,0.8186,2.211,5184373,0.6879,100899.0,Low,No,
5,2018-11-01,0.8256,2.286,4883480,0.7265,100899.0,Low,No,
5,2018-12-01,0.8367,1.855,4550915,0.7009,100899.0,Low,No,
5,2019-01-01,0.8506,1.808,4921204,0.7441,100899.0,Low,No,
5,2019-02-01,0.8614,1.956,3994338,0.7583,100899.0,Low,No,
5,2019-03-01,0.8703,1.42,4483375,0.7884,100899.0,Low,No,
5,2019-04-01,0.8718,1.28,4797470,0.8174,100899.0,Low,No,
5,2019-05-01,0.8652,1.41,4769636,0.8064,100899.0,Low,No,
5,2019-06-01,0.8717,1.41,4367847,0.8158,100899.0,Low,No,
5,2019-07-01,0.855,2.735,4436567,0.7715,100899.0,Low,No,
5,2019-08-01,0.8943,0.963,4387074,0.8433,100899.0,Low,No,
5,2019-09-01,0.8577,1.566,3839850,0.8077,100899.0,Low,No,
5,2019-10-01,0.8658,1.567,5263340,0.8139,100899.0,Low,No,
5,2019-11-01,0.8561,1.582,4477139,0.8039,100899.0,Low,No,
5,2019-12-01,0.8641,1.397,4653058,0.8301,100899.0,Low,No,
5,2020-01-01,0.8725,1.307,4909919,0.8607,100899.0,Low,No,
5,2020-02-01,0.8694,1.348,3955487,0.8332,100899.0,Low,No,
5,2020-03-01,0.9087,0.553,2158054,0.8894,100899.0,Low,No,
5,2020-04-01,0.9089,0.491,141165,0.8896,100899.0,Low,No,
5,2020-05-01,0.8761,1.825,223130,0.916,100899.0,Low,No,
5,2020-06-01,0.8874,0.468,643962,0.9089,100899.0,Low,No,
5,2020-07-01,0.8693,0.638,815386,0.8808,100899.0,Low,No,
5,2020-08-01,0.8564,0.884,957914,0.8585,100899.0,Low,No,
5,2020-09-01,0.8946,0.063,984103,0.8991,100899.0,Low,No,
5,2020-10-01,0.895,0.24,1367332,0.9188,100899.0,Low,No,
5,2020-11-01,0.8839,0.399,1319370,0.8728,100899.0,Low,No,
5,2020-12-01,0.8962,0.229,1436325,0.8638,100899.0,Low,No,
5,2021-01-01,0.8882,0.323,1181798,0.8826,100899.0,Low,No,
5,2021-02-01,0.8707,0.941,1150819,0.8251,100899.0,Low,No,
5,2021-03-01,0.8862,0.528,1451749,0.8813,100899.0,Low,No,
5,2021-04-01,0.8982,0.12,1472197,0.8882,100899.0,Low,No,
5,2021-05-01,0.8955,0.243,1341972,0.8708,100899.0,Low,No,
5,2021-06-01,0.8898,0.366,1675188,0.8378,100899.0,Low,No,
5,2021-07-01,0.8895,0.287,1611903,0.8677,100899.0,Low,No,
5,2021-08-01,0.9086,-0.072,1876425,0.8776,100899.0,Low,No,
5,2021-09-01,0.8885,0.407,1662338,0.8239,100899.0,Low,No,
5,2021-10-01,0.8923,0.297,2221545,0.8634,100899.0,Low,No,
5,2021-11-01,0.8912,0.487,2498161,0.8242,100899.0,Low,No,
5,2021-12-01,0.8888,0.497,2598661,0.8182,100899.0,Low,No,
5,2022-01-01,0.863,0.988,2609914,0.8162,100899.0,Low,No,
5,2022-02-01,0.8692,0.97,1896521,0.8384,100899.0,Low,No,
5,2022-03-01,0.8777,0.788,2714773,0.8356,100899.0,Low,No,
5,2022-04-01,0.8738,0.992,2629640,0.845,100899.0,Low,No,
5,2022-05-01,0.8974,0.479,2584291,0.8876,100899.0,Low,No,
5,2022-06-01,0.8782,0.981,2682236,0.8546,100899.0,Low,No,
5,2022-07-01,0.868,1.557,2528247,0.7892,100899.0,Low,No,
5,2022-08-01,0.9046,0.71,2729401,0.8352,100899.0,Low,No,
5,2022-09-01,0.8775,1.334,2388602,0.8151,100899.0,Low,No,
5,2022-10-01,0.8679,1.843,3095371,0.789,100899.0,Low,No,
5,2022-11-01,0.8353,2.05,3150501,0.7912,100899.0,Low,No,
5,2022-12-01,0.8619,1.771,3149008,0.8199,100899.0,Low,No,
5,2023-01-01,0.8825,1.788,3082128,0.8468,100899.0,Low,No,
5,2023-02-01,0.8888,1.165,2742008,0.8623,100899.0,Low,No,
5,2023-03-01,0.8881,1.273,3505305,0.8121,100899.0,Low,No,
5,2023-04-01,0.897,1.045,2960207,0.8646,100899.0,Low,No,
5,2023-05-01,0.8942,0.94,3220056,0.8202,100899.0,Low,No,
5,2023-06-01,0.9,0.903,3420463,0.8637,100899.0,Low,No,
5,2023-07-01,0.8938,1.039,3129239,0.8655,100899.0,Low,No,
5,2023-08-01,0.8869,1.288,3248557,0.8439,100899.0,Low,No,
5,2023-09-01,0.8856,1.28,2652341,0.8203,100899.0,Low,No,
5,2023-10-01,0.8828,1.394,3608636,0.8008,100899.0,Low,No,
5,2023-11-01,0.8997,0.999,3448881,0.7947,100899.0,Low,No,
5,2023-12-01,0.879,1.292,3303350,0.8088,100899.0,Low,No,
5,2024-01-01,0.8679,1.718,3242437,0.7854,100899.0,Low,No,
5,2024-02-01,0.8884,1.213,2915817,0.798,100899.0,Low,No,
5,2024-03-01,0.8618,1.721,3381167,0.8078,100899.0,Low,No,
5,2024-04-01,0.888,1.155,3566468,0.7919,100899.0,Low,No,
5,2024-05-01,0.8943,1.28,3466546,0.8344,100899.0,Low,No,
5,2024-06-01,0.8578,1.588,3285484,0.7949,100899.0,Low,No,
5,2024-07-01,0.8936,1.055,3610357,0.8551,100899.0,Low,No,
5,2024-08-01,0.8854,1.192,3027575,0.8328,100899.0,Low,No,
5,2024-09-01,0.874,1.338,3236978,0.8408,100899.0,Low,No,
5,2024-10-01,0.8844,1.348,3860807,0.856,100899.0,Low,No,
5,2024-11-01,0.8855,1.378,3498391,0.8155,100899.0,Low,No,
5,2024-12-01,0.8732,1.399,3658115,0.7893,100899.0,Low,No,
5,2025-01-01,0.8621,1.665,3988333,0.7977,100899.0,Low,No,
5,2025-02-01,0.8874,1.343,3294656,0.8191,100899.0,Low,No,
5,2025-03-01,0.878,1.673,3553663,0.8075,100899.0,Low,No,
5,2025-04-01,0.8778,1.697,3984532,0.7949,100899.0,Low,No,
5,2025-05-01,0.8884,1.317,3785260,0.845,100899.0,Low,No,
5,2025-06-01,0.8869,1.229,3612980,0.8275,100899.0,Low,No,
5,2025-07-01,0.911,0.672,3717646,0.8579,100899.0,Low,No,
5,2025-08-01,0.8982,0.968,3511488,0.8496,100899.0,Low,No,
5,2025-09-01,0.8734,1.555,3367877,0.811,100899.0,Low,No,
5,2025-10-01,0.8827,1.442,4381263,0.8262,100899.0,Low,No,
5,2025-11-01,0.8763,1.629,3593566,0.8274,100899.0,Low,No,
5,2025-12-01,0.8904,1.273,4146948,0.8197,100899.0,Low,No,
5,2026-01-01,0.8674,1.596,3503552,0.7952,100899.0,Low,No,
5,2026-02-01,0.8633,1.472,2829905,0.8421,100899.0,Low,No,
5,2026-03-01,0.8817,1.435,3996803,0.8527,100899.0,Low,No,
6,2015-01-01,0.8273,2.595,7631920,0.5185,112836.0,Medium,No,
6,2015-02-01,0.7569,3.566,8172769,0.4003,112836.0,Medium,No,
6,2015-03-01,0.7958,3.042,10003008,0.4027,112836.0,Medium,No,
6,2015-04-01,0.8176,2.719,8934389,0.417,112836.0,Medium,No,
6,2015-05-01,0.8276,2.609,7982528,0.4998,112836.0,Medium,No,
6,2015-06-01,0.8207,2.813,8386902,0.4742,112836.0,Medium,No,
6,2015-07-01,0.8504,2.345,8657514,0.4995,112836.0,Medium,No,
6,2015-08-01,0.8356,2.453,8262230,0.5604,112836.0,Medium,No,
6,2015-09-01,0.8406,2.426,8016020,0.4501,112836.0,Medium,No,
6,2015-10-01,0.7696,3.398,10098407,0.377,112836.0,Medium,No,
6,2015-11-01,0.8268,2.673,8602965,0.4447,112836.0,Medium,No,
6,2015-12-01,0.8327,2.498,10183072,0.4854,112836.0,Medium,No,
6,2016-01-01,0.8108,2.883,7053334,0.4546,112836.0,Medium,No,
6,2016-02-01,0.7716,3.691,8577230,0.4202,112836.0,Medium,No,
6,2016-03-01,0.8307,2.45,9580768,0.5107,112836.0,Medium,No,
6,2016-04-01,0.8235,2.539,8839952,0.5279,112836.0,Medium,No,
6,2016-05-01,0.8396,2.346,9499741,0.536,112836.0,Medium,No,
6,2016-06-01,0.8432,2.413,8003016,0.4892,112836.0,Medium,No,
6,2016-07-01,0.834,2.665,8024625,0.4768,112836.0,Medium,No,
6,2016-08-01,0.8709,1.941,9529212,0.5619,112836.0,Medium,No,
6,2016-09-01,0.8413,2.726,7890800,0.4909,112836.0,Medium,No,
6,2016-10-01,0.8289,2.49,9749171,0.4929,112836.0,Medium,No,
6,2016-11-01,0.7834,3.169,9853953,0.4377,112836.0,Medium,No,
6,2016-12-01,0.774,3.198,9585374,0.3941,112836.0,Medium,No,
6,2017-01-01,0.7947,3.066,9044618,0.4724,112836.0,Medium,No,
6,2017-02-01,0.8256,2.648,7697288,0.4703,112836.0,Medium,No,
6,2017-03-01,0.8092,2.914,8758246,0.4877,112836.0,Medium,No,
6,2017-04-01,0.8218,2.941,7660530,0.5345,112836.0,Medium,No,
6,2017-05-01,0.8347,2.838,9073745,0.5131,112836.0,Medium,No,
6,2017-06-01,0.8505,2.407,8921527,0.5459,112836.0,Medium,No,
6,2017-07-01,0.862,2.175,7590672,0.5853,112836.0,Medium,No,
6,2017-08-01,0.871,2.277,8797178,0.626,112836.0,Medium,No,
6,2017-09-01,0.818,2.706,6981559,0.519,112836.0,Medium,No,
6,2017-10-01,0.8177,2.999,9349996,0.5372,112836.0,Medium,No,
6,2017-11-01,0.8163,2.562,7611677,0.4765,112836.0,Medium,No,
6,2017-12-01,0.7972,2.746,7549106,0.4217,112836.0,Medium,No,
6,2018-01-01,0.7707,3.211,7733267,0.4719,112836.0,Medium,No,
6,2018-02-01,0.8141,2.558,6588944,0.4917,112836.0,Medium,No,
6,2018-03-01,0.8013,3.88,7754001,0.5051,112836.0,Medium,No,
6,2018-04-01,0.8302,2.386,7269510,0.5323,112836.0,Medium,No,
6,2018-05-01,0.8309,2.367,8634993,0.5609,112836.0,Medium,No,
6,2018-06-01,0.8476,2.188,8978708,0.6058,112836.0,Medium,No,
6,2018-07-01,0.8529,2.241,7537480,0.6612,112836.0,Medium,No,
6,2018-08-01,0.8716,1.884,7496251,0.6979,112836.0,Medium,No,
6,2018-09-01,0.859,2.173,5992711,0.6869,112836.0,Medium,No,
6,2018-10-01,0.8556,2.165,8357035,0.6854,112836.0,Medium,No,
6,2018-11-01,0.8598,2.182,7877880,0.6757,112836.0,Medium,No,
6,2018-12-01,0.863,1.978,7528761,0.725,112836.0,Medium,No,
6,2019-01-01,0.8574,2.078,8116281,0.7216,112836.0,Medium,No,
6,2019-02-01,0.8653,1.975,6499719,0.7443,112836.0,Medium,No,
6,2019-03-01,0.8545,2.159,8006615,0.7546,112836.0,Medium,No,
6,2019-04-01,0.8552,2.134,8220816,0.7533,112836.0,Medium,No,
6,2019-05-01,0.8595,2.149,8393422,0.7821,112836.0,Medium,No,
6,2019-06-01,0.8913,1.723,7444287,0.7979,112836.0,Medium,No,
6,2019-07-01,0.8783,2.963,8091350,0.8094,112836.0,Medium,No,
6,2019-08-01,0.9085,1.462,7823711,0.8727,112836.0,Medium,No,
6,2019-09-01,0.8736,1.909,6496135,0.7914,112836.0,Medium,No,
6,2019-10-01,0.86,2.103,9341844,0.7916,112836.0,Medium,No,
6,2019-11-01,0.8547,2.314,8218663,0.7945,112836.0,Medium,No,
6,2019-12-01,0.869,1.92,8456639,0.7932,112836.0,Medium,No,
6,2020-01-01,0.9,1.608,8923406,0.84,112836.0,Medium,No,
6,2020-02-01,0.8806,1.829,6951055,0.8169,112836.0,Medium,No,
6,2020-03-01,0.9083,1.399,3852018,0.8702,112836.0,Medium,No,
6,2020-04-01,0.8428,0.282,354202,0.872,112836.0,Medium,No,
6,2020-05-01,0.859,0.685,586171,0.9385,112836.0,Medium,No,
6,2020-06-01,0.91,0.947,1166285,0.9375,112836.0,Medium,No,
6,2020-07-01,0.9152,0.914,1387564,0.91,112836.0,Medium,No,
6,2020-08-01,0.9158,0.912,1695017,0.8806,112836.0,Medium,No,
6,2020-09-01,0.9109,0.96,1708622,0.8995,112836.0,Medium,No,
6,2020-10-01,0.9112,1.03,2394921,0.9208,112836.0,Medium,No,
6,2020-11-01,0.8895,1.457,2322867,0.8895,112836.0,Medium,No,
6,2020-12-01,0.8935,1.375,2559177,0.8641,112836.0,Medium,No,
6,2021-01-01,0.9156,1.099,2117125,0.8859,112836.0,Medium,No,
6,2021-02-01,0.8701,1.802,2004895,0.8451,112836.0,Medium,No,
6,2021-03-01,0.902,1.255,2580768,0.8821,112836.0,Medium,No,
6,2021-04-01,0.9129,1.107,2596366,0.8945,112836.0,Medium,No,
6,2021-05-01,0.9142,1.127,2382046,0.8979,112836.0,Medium,No,
6,2021-06-01,0.9092,1.347,3035573,0.8544,112836.0,Medium,No,
6,2021-07-01,0.9092,1.27,2941776,0.8764,112836.0,Medium,No,
6,2021-08-01,0.8998,1.4,3329043,0.8466,112836.0,Medium,No,
6,2021-09-01,0.9022,1.455,2792188,0.8472,112836.0,Medium,No,
6,2021-10-01,0.9011,1.556,4088902,0.8534,112836.0,Medium,No,
6,2021-11-01,0.9019,1.448,4548558,0.8472,112836.0,Medium,No,
6,2021-12-01,0.885,1.707,4647459,0.8012,112836.0,Medium,No,
6,2022-01-01,0.864,1.846,4736733,0.7527,112836.0,Medium,No,
6,2022-02-01,0.8778,1.886,3296895,0.7712,112836.0,Medium,No,
6,2022-03-01,0.8733,2.008,4855247,0.7923,112836.0,Medium,No,
6,2022-04-01,0.8749,1.989,4618467,0.7949,112836.0,Medium,No,
6,2022-05-01,0.8903,1.708,4661044,0.7865,112836.0,Medium,No,
6,2022-06-01,0.89,1.7,4653014,0.7995,112836.0,Medium,No,
6,2022-07-01,0.8856,1.705,4366792,0.8095,112836.0,Medium,No,
6,2022-08-01,0.9075,1.5,4719788,0.8242,112836.0,Medium,No,
6,2022-09-01,0.8892,1.698,4084415,0.8087,112836.0,Medium,No,
6,2022-10-01,0.8741,1.917,5502471,0.7687,112836.0,Medium,No,
6,2022-11-01,0.8816,1.792,5350505,0.8264,112836.0,Medium,No,
6,2022-12-01,0.8614,2.22,5311787,0.7566,112836.0,Medium,No,
6,2023-01-01,0.9025,1.986,4965998,0.8441,112836.0,Medium,No,
6,2023-02-01,0.8911,1.672,3794531,0.8254,112836.0,Medium,No,
6,2023-03-01,0.9077,1.545,5998892,0.832,112836.0,Medium,No,
6,2023-04-01,0.9053,1.714,5161102,0.8073,112836.0,Medium,No,
6,2023-05-01,0.8756,1.977,5805967,0.7906,112836.0,Medium,No,
6,2023-06-01,0.9213,1.354,5765704,0.8604,112836.0,Medium,No,
6,2023-07-01,0.8989,1.733,5201646,0.8214,112836.0,Medium,No,
6,2023-08-01,0.8892,1.763,5356595,0.816,112836.0,Medium,No,
6,2023-09-01,0.8694,2.065,4284782,0.7628,112836.0,Medium,No,
6,2023-10-01,0.879,1.875,6327571,0.7739,112836.0,Medium,No,
6,2023-11-01,0.8552,2.122,5871540,0.7414,112836.0,Medium,No,
6,2023-12-01,0.8396,2.539,5482505,0.7497,112836.0,Medium,No,
6,2024-01-01,0.871,2.012,5614813,0.7726,112836.0,Medium,No,
6,2024-02-01,0.8603,2.124,4748239,0.7418,112836.0,Medium,No,
6,2024-03-01,0.8241,2.862,5690562,0.6967,112836.0,Medium,No,
6,2024-04-01,0.8776,1.863,6121126,0.7783,112836.0,Medium,No,
6,2024-05-01,0.853,2.54,5661210,0.7591,112836.0,Medium,No,
6,2024-06-01,0.8664,2.025,5481108,0.7779,112836.0,Medium,No,
6,2024-07-01,0.8827,1.787,5833968,0.8137,112836.0,Medium,No,
6,2024-08-01,0.8724,2.007,4802319,0.7853,112836.0,Medium,No,
6,2024-09-01,0.8642,2.141,5485017,0.7942,112836.0,Medium,No,
6,2024-10-01,0.8635,2.093,6373272,0.8048,112836.0,Medium,No,
6,2024-11-01,0.8645,2.072,5714858,0.7957,112836.0,Medium,No,
6,2024-12-01,0.884,1.741,6026514,0.8458,112836.0,Medium,No,
6,2025-01-01,0.8835,1.749,6789575,0.8502,112836.0,Medium,No,
6,2025-02-01,0.8894,1.689,5300336,0.8376,112836.0,Medium,No,
6,2025-03-01,0.8962,1.627,5790748,0.8477,112836.0,Medium,No,
6,2025-04-01,0.9009,1.565,6561857,0.8497,112836.0,Medium,No,
6,2025-05-01,0.9059,1.515,6241099,0.8708,112836.0,Medium,No,
6,2025-06-01,0.9094,1.449,5924950,0.8718,112836.0,Medium,No,
6,2025-07-01,0.9215,1.29,6464126,0.8776,112836.0,Medium,No,
6,2025-08-01,0.9111,1.457,5826568,0.8645,112836.0,Medium,No,
6,2025-09-01,0.8931,1.678,5594356,0.8463,112836.0,Medium,No,
6,2025-10-01,0.8923,1.782,7265760,0.8184,112836.0,Medium,No,
6,2025-11-01,0.87,2.215,6062034,0.8064,112836.0,Medium,No,
6,2025-12-01,0.8797,1.776,7008704,0.8389,112836.0,Medium,No,
6,2026-01-01,0.8666,1.927,6320745,0.7857,112836.0,Medium,No,
6,2026-02-01,0.8698,1.894,5398156,0.7236,112836.0,Medium,No,
6,2026-03-01,0.8771,1.927,6927095,0.7807,112836.0,Medium,No,
7,2015-01-01,0.8219,2.591,4420198,0.8598,93520.0,Low,Yes,2018-11-01
7,2015-02-01,0.8106,2.712,4030272,0.7723,93520.0,Low,Yes,2018-11-01
7,2015-03-01,0.8151,2.885,4639499,0.8068,93520.0,Low,Yes,2018-11-01
7,2015-04-01,0.8459,2.256,4175290,0.7972,93520.0,Low,Yes,2018-11-01
7,2015-05-01,0.8448,2.378,5006681,0.8327,93520.0,Low,Yes,2018-11-01
7,2015-06-01,0.8702,2.043,4514865,0.8444,93520.0,Low,Yes,2018-11-01
7,2015-07-01,0.8328,2.777,5257844,0.8382,93520.0,Low,Yes,2018-11-01
7,2015-08-01,0.8756,1.913,5038486,0.8815,93520.0,Low,Yes,2018-11-01
7,2015-09-01,0.8225,2.615,4703253,0.8142,93520.0,Low,Yes,2018-11-01
7,2015-10-01,0.8473,2.674,6263368,0.8609,93520.0,Low,Yes,2018-11-01
7,2015-11-01,0.85,2.403,4571587,0.8269,93520.0,Low,Yes,2018-11-01
7,2015-12-01,0.8402,2.631,5708252,0.8108,93520.0,Low,Yes,2018-11-01
7,2016-01-01,0.8207,3.425,4388939,0.7804,93520.0,Low,Yes,2018-11-01
7,2016-02-01,0.7874,3.536,5157410,0.7362,93520.0,Low,Yes,2018-11-01
7,2016-03-01,0.8245,2.509,5932109,0.7562,93520.0,Low,Yes,2018-11-01
7,2016-04-01,0.8095,2.834,5442320,0.7536,93520.0,Low,Yes,2018-11-01
7,2016-05-01,0.8256,2.599,5719915,0.7498,93520.0,Low,Yes,2018-11-01
7,2016-06-01,0.8292,2.412,5370890,0.7791,93520.0,Low,Yes,2018-11-01
7,2016-07-01,0.84,2.194,5057591,0.7866,93520.0,Low,Yes,2018-11-01
7,2016-08-01,0.8682,1.931,6095276,0.8125,93520.0,Low,Yes,2018-11-01
7,2016-09-01,0.8643,1.955,5201345,0.8215,93520.0,Low,Yes,2018-11-01
7,2016-10-01,0.8249,2.775,6043673,0.7888,93520.0,Low,Yes,2018-11-01
7,2016-11-01,0.8402,2.234,6034832,0.7821,93520.0,Low,Yes,2018-11-01
7,2016-12-01,0.8079,2.637,5797315,0.7507,93520.0,Low,Yes,2018-11-01
7,2017-01-01,0.8115,2.891,5538587,0.7675,93520.0,Low,Yes,2018-11-01
7,2017-02-01,0.7759,3.004,4989410,0.6914,93520.0,Low,Yes,2018-11-01
7,2017-03-01,0.7973,2.941,5746879,0.7455,93520.0,Low,Yes,2018-11-01
7,2017-04-01,0.7885,3.113,4951238,0.7255,93520.0,Low,Yes,2018-11-01
7,2017-05-01,0.8081,2.907,6048876,0.7629,93520.0,Low,Yes,2018-11-01
7,2017-06-01,0.82,2.548,5402345,0.74,93520.0,Low,Yes,2018-11-01
7,2017-07-01,0.7752,3.092,4561446,0.7121,93520.0,Low,Yes,2018-11-01
7,2017-08-01,0.7907,2.897,5822558,0.6926,93520.0,Low,Yes,2018-11-01
7,2017-09-01,0.8218,2.608,4847809,0.7821,93520.0,Low,Yes,2018-11-01
7,2017-10-01,0.7973,3.205,6127959,0.7285,93520.0,Low,Yes,2018-11-01
7,2017-11-01,0.7794,3.066,5862843,0.6921,93520.0,Low,Yes,2018-11-01
7,2017-12-01,0.7714,3.251,5313346,0.6588,93520.0,Low,Yes,2018-11-01
7,2018-01-01,0.7336,3.819,5605946,0.6369,93520.0,Low,Yes,2018-11-01
7,2018-02-01,0.7836,2.907,4873702,0.6106,93520.0,Low,Yes,2018-11-01
7,2018-03-01,0.7293,3.634,5647195,0.555,93520.0,Low,Yes,2018-11-01
7,2018-04-01,0.769,3.194,5675832,0.5709,93520.0,Low,Yes,2018-11-01
7,2018-05-01,0.788,3.023,6455540,0.6328,93520.0,Low,Yes,2018-11-01
7,2018-06-01,0.7482,3.715,5889906,0.6108,93520.0,Low,Yes,2018-11-01
7,2018-07-01,0.8179,2.678,5849919,0.6984,93520.0,Low,Yes,2018-11-01
7,2018-08-01,0.8192,2.739,6337169,0.7187,93520.0,Low,Yes,2018-11-01
7,2018-09-01,0.8673,1.654,4996092,0.7898,93520.0,Low,Yes,2018-11-01
7,2018-10-01,0.8247,2.348,6347756,0.7622,93520.0,Low,Yes,2018-11-01
7,2018-11-01,0.7775,3.214,5916693,0.7479,93520.0,Low,Yes,2018-11-01
7,2018-12-01,0.867,1.866,5508176,0.857,93520.0,Low,Yes,2018-11-01
7,2019-01-01,0.8891,1.258,5925503,0.8757,93520.0,Low,Yes,2018-11-01
7,2019-02-01,0.8875,1.334,4764138,0.8888,93520.0,Low,Yes,2018-11-01
7,2019-03-01,0.8889,1.297,5995937,0.91,93520.0,Low,Yes,2018-11-01
7,2019-04-01,0.8825,1.496,6479043,0.8977,93520.0,Low,Yes,2018-11-01
7,2019-05-01,0.8935,1.583,6620873,0.8959,93520.0,Low,Yes,2018-11-01
7,2019-06-01,0.8923,1.533,6088956,0.8994,93520.0,Low,Yes,2018-11-01
7,2019-07-01,0.9081,1.324,6402102,0.9017,93520.0,Low,Yes,2018-11-01
7,2019-08-01,0.8921,2.995,6325183,0.9214,93520.0,Low,Yes,2018-11-01
7,2019-09-01,0.9338,0.833,5601468,0.9579,93520.0,Low,Yes,2018-11-01
7,2019-10-01,0.873,2.426,7252760,0.8711,93520.0,Low,Yes,2018-11-01
7,2019-11-01,0.9117,1.184,6416037,0.9272,93520.0,Low,Yes,2018-11-01
7,2019-12-01,0.8787,1.939,6604330,0.904,93520.0,Low,Yes,2018-11-01
7,2020-01-01,0.8913,1.764,6856436,0.9196,93520.0,Low,Yes,2018-11-01
7,2020-02-01,0.9065,1.337,5433598,0.9362,93520.0,Low,Yes,2018-11-01
7,2020-03-01,0.909,1.156,2668760,0.9205,93520.0,Low,Yes,2018-11-01
7,2020-04-01,0.8613,0.102,218088,0.7788,93520.0,Low,Yes,2018-11-01
7,2020-05-01,0.961,-0.915,425642,0.972,93520.0,Low,Yes,2018-11-01
7,2020-06-01,0.9183,0.93,1029143,0.9436,93520.0,Low,Yes,2018-11-01
7,2020-07-01,0.9111,1.016,1243112,0.9482,93520.0,Low,Yes,2018-11-01
7,2020-08-01,0.8701,2.742,1416036,0.912,93520.0,Low,Yes,2018-11-01
7,2020-09-01,0.9169,0.946,1603407,0.9611,93520.0,Low,Yes,2018-11-01
7,2020-10-01,0.9355,0.733,2188702,0.966,93520.0,Low,Yes,2018-11-01
7,2020-11-01,0.924,0.89,2109574,0.9506,93520.0,Low,Yes,2018-11-01
7,2020-12-01,0.887,1.961,2304200,0.9114,93520.0,Low,Yes,2018-11-01
7,2021-01-01,0.8784,2.15,1963720,0.9341,93520.0,Low,Yes,2018-11-01
7,2021-02-01,0.8716,1.789,1847277,0.8769,93520.0,Low,Yes,2018-11-01
7,2021-03-01,0.9266,0.859,2285705,0.9514,93520.0,Low,Yes,2018-11-01
7,2021-04-01,0.8987,1.463,2371747,0.925,93520.0,Low,Yes,2018-11-01
7,2021-05-01,0.897,1.229,2157889,0.9012,93520.0,Low,Yes,2018-11-01
7,2021-06-01,0.923,0.891,2647766,0.8991,93520.0,Low,Yes,2018-11-01
7,2021-07-01,0.9224,1.001,2575241,0.9254,93520.0,Low,Yes,2018-11-01
7,2021-08-01,0.8864,1.861,2973102,0.8917,93520.0,Low,Yes,2018-11-01
7,2021-09-01,0.8784,3.251,2661928,0.8936,93520.0,Low,Yes,2018-11-01
7,2021-10-01,0.9059,1.387,3257343,0.9086,93520.0,Low,Yes,2018-11-01
7,2021-11-01,0.8771,2.463,3769627,0.9023,93520.0,Low,Yes,2018-11-01
7,2021-12-01,0.9009,1.455,3871891,0.8683,93520.0,Low,Yes,2018-11-01
7,2022-01-01,0.902,1.567,3849773,0.8931,93520.0,Low,Yes,2018-11-01
7,2022-02-01,0.8826,1.706,2891762,0.9096,93520.0,Low,Yes,2018-11-01
7,2022-03-01,0.8679,2.234,4052278,0.8839,93520.0,Low,Yes,2018-11-01
7,2022-04-01,0.8945,1.481,3923532,0.8925,93520.0,Low,Yes,2018-11-01
7,2022-05-01,0.8916,1.595,3892602,0.8695,93520.0,Low,Yes,2018-11-01
7,2022-06-01,0.8857,1.772,4089724,0.8878,93520.0,Low,Yes,2018-11-01
7,2022-07-01,0.9102,1.214,3648758,0.9211,93520.0,Low,Yes,2018-11-01
7,2022-08-01,0.9012,1.412,4116041,0.9163,93520.0,Low,Yes,2018-11-01
7,2022-09-01,0.9071,1.335,3676040,0.9354,93520.0,Low,Yes,2018-11-01
7,2022-10-01,0.897,1.688,4543070,0.8879,93520.0,Low,Yes,2018-11-01
7,2022-11-01,0.9024,1.787,4641999,0.9277,93520.0,Low,Yes,2018-11-01
7,2022-12-01,0.9109,1.339,4655287,0.9245,93520.0,Low,Yes,2018-11-01
7,2023-01-01,0.906,1.525,4603544,0.9269,93520.0,Low,Yes,2018-11-01
7,2023-02-01,0.8979,1.534,4088321,0.9036,93520.0,Low,Yes,2018-11-01
7,2023-03-01,0.8894,2.285,5251473,0.9171,93520.0,Low,Yes,2018-11-01
7,2023-04-01,0.9008,1.689,4525314,0.9224,93520.0,Low,Yes,2018-11-01
7,2023-05-01,0.9093,1.146,5142036,0.9249,93520.0,Low,Yes,2018-11-01
7,2023-06-01,0.8993,2.032,5140220,0.9145,93520.0,Low,Yes,2018-11-01
7,2023-07-01,0.903,1.673,4768549,0.8859,93520.0,Low,Yes,2018-11-01
7,2023-08-01,0.8959,2.154,4976001,0.9149,93520.0,Low,Yes,2018-11-01
7,2023-09-01,0.9244,1.24,4014730,0.9169,93520.0,Low,Yes,2018-11-01
7,2023-10-01,0.8912,3.229,5414050,0.8837,93520.0,Low,Yes,2018-11-01
7,2023-11-01,0.8928,2.097,4994245,0.8909,93520.0,Low,Yes,2018-11-01
7,2023-12-01,0.8699,2.511,4396376,0.8627,93520.0,Low,Yes,2018-11-01
7,2024-01-01,0.8767,2.843,3900785,0.8782,93520.0,Low,Yes,2018-11-01
7,2024-02-01,0.937,1.038,3446607,0.9256,93520.0,Low,Yes,2018-11-01
7,2024-03-01,0.9242,1.183,4060673,0.9478,93520.0,Low,Yes,2018-11-01
7,2024-04-01,0.8957,1.81,4391726,0.9003,93520.0,Low,Yes,2018-11-01
7,2024-05-01,0.9072,1.769,4287288,0.9158,93520.0,Low,Yes,2018-11-01
7,2024-06-01,0.9158,1.355,4102478,0.9122,93520.0,Low,Yes,2018-11-01
7,2024-07-01,0.9399,0.992,4513410,0.9373,93520.0,Low,Yes,2018-11-01
7,2024-08-01,0.9043,1.625,3993039,0.8924,93520.0,Low,Yes,2018-11-01
7,2024-09-01,0.9341,1.075,4156503,0.9352,93520.0,Low,Yes,2018-11-01
7,2024-10-01,0.9043,1.411,4815329,0.9125,93520.0,Low,Yes,2018-11-01
7,2024-11-01,0.9234,1.164,4577398,0.9173,93520.0,Low,Yes,2018-11-01
7,2024-12-01,0.9103,1.402,4489420,0.9075,93520.0,Low,Yes,2018-11-01
7,2025-01-01,0.9199,1.244,5623006,0.9282,93520.0,Low,Yes,2018-11-01
7,2025-02-01,0.8878,2.002,4558816,0.9157,93520.0,Low,Yes,2018-11-01
7,2025-03-01,0.9154,1.446,4943945,0.909,93520.0,Low,Yes,2018-11-01
7,2025-04-01,0.9156,1.469,5547935,0.9091,93520.0,Low,Yes,2018-11-01
7,2025-05-01,0.9316,1.141,5412649,0.9208,93520.0,Low,Yes,2018-11-01
7,2025-06-01,0.885,2.567,5209155,0.8764,93520.0,Low,Yes,2018-11-01
7,2025-07-01,0.8986,2.193,5610117,0.906,93520.0,Low,Yes,2018-11-01
7,2025-08-01,0.9235,1.152,5075886,0.9122,93520.0,Low,Yes,2018-11-01
7,2025-09-01,0.928,1.05,4989260,0.908,93520.0,Low,Yes,2018-11-01
7,2025-10-01,0.9195,1.84,6208225,0.906,93520.0,Low,Yes,2018-11-01
7,2025-11-01,0.9142,1.417,5032100,0.8948,93520.0,Low,Yes,2018-11-01
7,2025-12-01,0.8963,1.677,5775055,0.8857,93520.0,Low,Yes,2018-11-01
7,2026-01-01,0.9246,1.071,4996756,0.9413,93520.0,Low,Yes,2018-11-01
7,2026-02-01,0.8791,2.049,4439223,0.894,93520.0,Low,Yes,2018-11-01
7,2026-03-01,0.9215,1.177,5689830,0.9096,93520.0,Low,Yes,2018-11-01
A,2017-03-01,0.7428,3.305,6330648,0.5388,107219.0,Medium,No,
A,2017-04-01,0.7625,3.137,5554627,0.5732,107219.0,Medium,No,
A,2017-05-01,0.725,3.69,6521596,0.509,107219.0,Medium,No,
A,2017-06-01,0.7134,4.675,6282889,0.5083,107219.0,Medium,No,
A,2017-07-01,0.7711,3.458,5329024,0.5939,107219.0,Medium,No,
A,2017-08-01,0.7792,2.915,6238229,0.5903,107219.0,Medium,No,
A,2017-09-01,0.7797,2.778,5015659,0.5806,107219.0,Medium,No,
A,2017-10-01,0.7481,3.239,6557356,0.5424,107219.0,Medium,No,
A,2017-11-01,0.7301,3.38,6415052,0.497,107219.0,Medium,No,
A,2017-12-01,0.7295,3.654,5827459,0.4847,107219.0,Medium,No,
A,2018-01-01,0.7063,4.117,6092460,0.381,107219.0,Medium,No,
A,2018-02-01,0.7591,3.033,5283667,0.5092,107219.0,Medium,No,
A,2018-03-01,0.7778,2.633,6277533,0.5525,107219.0,Medium,No,
A,2018-04-01,0.7658,3.134,6257665,0.5992,107219.0,Medium,No,
A,2018-05-01,0.7961,2.484,6882228,0.5569,107219.0,Medium,No,
A,2018-06-01,0.7996,2.569,6411396,0.5509,107219.0,Medium,No,
A,2018-07-01,0.7955,2.612,6108628,0.5412,107219.0,Medium,No,
A,2018-08-01,0.7884,2.891,6510170,0.5383,107219.0,Medium,No,
A,2018-09-01,0.7862,2.748,5333302,0.5719,107219.0,Medium,No,
A,2018-10-01,0.7793,2.848,7251699,0.5398,107219.0,Medium,No,
A,2018-11-01,0.7668,2.996,6869653,0.5232,107219.0,Medium,No,
A,2018-12-01,0.7818,2.859,6466742,0.5739,107219.0,Medium,No,
A,2019-01-01,0.7873,2.77,6879988,0.6064,107219.0,Medium,No,
A,2019-02-01,0.7868,2.764,5577328,0.6201,107219.0,Medium,No,
A,2019-03-01,0.7981,2.785,6683959,0.63,107219.0,Medium,No,
A,2019-04-01,0.8196,2.473,6782149,0.6967,107219.0,Medium,No,
A,2019-05-01,0.8274,2.235,6875894,0.714,107219.0,Medium,No,
A,2019-06-01,0.8195,2.393,6197880,0.6988,107219.0,Medium,No,
A,2019-07-01,0.8131,2.517,6589056,0.6655,107219.0,Medium,No,
A,2019-08-01,0.8465,1.984,6465070,0.7527,107219.0,Medium,No,
A,2019-09-01,0.8075,2.501,5692849,0.716,107219.0,Medium,No,
A,2019-10-01,0.7975,2.924,7483292,0.6966,107219.0,Medium,No,
A,2019-11-01,0.808,2.418,6382797,0.7085,107219.0,Medium,No,
A,2019-12-01,0.7995,2.786,6732039,0.704,107219.0,Medium,No,
A,2020-01-01,0.8179,2.277,6999669,0.7498,107219.0,Medium,No,
A,2020-02-01,0.8254,2.155,5588659,0.7668,107219.0,Medium,No,
A,2020-03-01,0.85,1.799,3106964,0.7485,107219.0,Medium,No,
A,2020-04-01,0.8537,0.219,237796,0.882,107219.0,Medium,No,
A,2020-05-01,0.8537,-0.031,444822,0.9283,107219.0,Medium,No,
A,2020-06-01,0.8652,0.515,920655,0.9064,107219.0,Medium,No,
A,2020-07-01,0.8607,0.978,1196518,0.8549,107219.0,Medium,No,
A,2020-08-01,0.8484,1.464,1434521,0.8262,107219.0,Medium,No,
A,2020-09-01,0.865,0.912,1461253,0.8235,107219.0,Medium,No,
A,2020-10-01,0.8519,1.198,2019304,0.8153,107219.0,Medium,No,
A,2020-11-01,0.8685,0.946,1911199,0.8246,107219.0,Medium,No,
A,2020-12-01,0.8397,1.444,2057296,0.7871,107219.0,Medium,No,
A,2021-01-01,0.8691,0.875,1740815,0.8604,107219.0,Medium,No,
A,2021-02-01,0.8084,2.029,1646489,0.7461,107219.0,Medium,No,
A,2021-03-01,0.8646,0.926,2045413,0.8087,107219.0,Medium,No,
A,2021-04-01,0.8732,0.907,2106328,0.8267,107219.0,Medium,No,
A,2021-05-01,0.8406,1.731,1967614,0.7706,107219.0,Medium,No,
A,2021-06-01,0.8465,1.368,2478607,0.768,107219.0,Medium,No,
A,2021-07-01,0.8208,1.832,2362284,0.7166,107219.0,Medium,No,
A,2021-08-01,0.8164,1.795,2677979,0.687,107219.0,Medium,No,
A,2021-09-01,0.7992,2.144,2383483,0.6517,107219.0,Medium,No,
A,2021-10-01,0.8153,1.869,3141105,0.6373,107219.0,Medium,No,
A,2021-11-01,0.8021,2.137,3606300,0.6191,107219.0,Medium,No,
A,2021-12-01,0.8054,1.998,3631340,0.677,107219.0,Medium,No,
A,2022-01-01,0.7971,2.442,3720842,0.613,107219.0,Medium,No,
A,2022-02-01,0.8119,2.11,2629282,0.592,107219.0,Medium,No,
A,2022-03-01,0.8426,1.656,3804356,0.6987,107219.0,Medium,No,
A,2022-04-01,0.8341,1.872,3680722,0.6974,107219.0,Medium,No,
A,2022-05-01,0.8247,2.031,3685288,0.6873,107219.0,Medium,No,
A,2022-06-01,0.8409,1.727,3857788,0.6508,107219.0,Medium,No,
A,2022-07-01,0.8306,1.942,3562147,0.6336,107219.0,Medium,No,
A,2022-08-01,0.8501,1.498,3777452,0.7036,107219.0,Medium,No,
A,2022-09-01,0.8275,1.958,3400912,0.6901,107219.0,Medium,No,
A,2022-10-01,0.8157,2.159,4156584,0.7046,107219.0,Medium,No,
A,2022-11-01,0.8157,2.192,4199767,0.7068,107219.0,Medium,No,
A,2022-12-01,0.8207,2.143,4234376,0.7375,107219.0,Medium,No,
A,2023-01-01,0.8334,1.901,4047140,0.7345,107219.0,Medium,No,
A,2023-02-01,0.8388,1.837,3550001,0.7223,107219.0,Medium,No,
A,2023-03-01,0.8237,2.08,4624872,0.7202,107219.0,Medium,No,
A,2023-04-01,0.8612,1.486,4033855,0.7355,107219.0,Medium,No,
A,2023-05-01,0.8285,2.235,4531228,0.7145,107219.0,Medium,No,
A,2023-06-01,0.84,1.791,4625409,0.7294,107219.0,Medium,No,
A,2023-07-01,0.8533,1.537,4159880,0.7388,107219.0,Medium,No,
A,2023-08-01,0.8253,2.122,4398348,0.7024,107219.0,Medium,No,
A,2023-09-01,0.8138,2.228,3588324,0.6667,107219.0,Medium,No,
A,2023-10-01,0.8379,1.838,4783332,0.7253,107219.0,Medium,No,
A,2023-11-01,0.8446,1.69,4635444,0.7498,107219.0,Medium,No,
A,2023-12-01,0.8292,1.861,4336921,0.731,107219.0,Medium,No,
A,2024-01-01,0.834,1.816,4221051,0.7286,107219.0,Medium,No,
A,2024-02-01,0.8406,1.868,3725893,0.7239,107219.0,Medium,No,
A,2024-03-01,0.8228,2.296,4381628,0.7229,107219.0,Medium,No,
A,2024-04-01,0.8453,1.548,4809297,0.7668,107219.0,Medium,No,
A,2024-05-01,0.8352,1.666,4402401,0.7654,107219.0,Medium,No,
A,2024-06-01,0.8401,1.636,4197327,0.7106,107219.0,Medium,No,
A,2024-07-01,0.8386,1.839,4719254,0.7121,107219.0,Medium,No,
A,2024-08-01,0.8431,1.611,4007415,0.7417,107219.0,Medium,No,
A,2024-09-01,0.8328,1.846,4259488,0.7893,107219.0,Medium,No,
A,2024-10-01,0.855,1.422,4933818,0.7868,107219.0,Medium,No,
A,2024-11-01,0.8284,3.145,4504196,0.7702,107219.0,Medium,No,
A,2024-12-01,0.8459,1.873,4675352,0.7597,107219.0,Medium,No,
A,2025-01-01,0.8486,2.051,5076653,0.808,107219.0,Medium,No,
A,2025-02-01,0.8765,1.13,4060887,0.8405,107219.0,Medium,No,
A,2025-03-01,0.8734,1.182,4579140,0.8486,107219.0,Medium,No,
A,2025-04-01,0.8854,0.902,5215714,0.8531,107219.0,Medium,No,
A,2025-05-01,0.8871,0.877,4971071,0.8344,107219.0,Medium,No,
A,2025-06-01,0.8703,1.029,4878290,0.7666,107219.0,Medium,No,
A,2025-07-01,0.8505,1.537,5273098,0.8094,107219.0,Medium,No,
A,2025-08-01,0.8652,1.182,4781584,0.8368,107219.0,Medium,No,
A,2025-09-01,0.8761,1.087,4611254,0.8214,107219.0,Medium,No,
A,2025-10-01,0.8566,1.393,5829081,0.8089,107219.0,Medium,No,
A,2025-11-01,0.8416,1.804,5085769,0.7953,107219.0,Medium,No,
A,2025-12-01,0.8657,1.447,5944227,0.7919,107219.0,Medium,No,
A,2026-01-01,0.8408,1.826,4974142,0.8012,107219.0,Medium,No,
A,2026-02-01,0.828,1.967,4092380,0.7689,107219.0,Medium,No,
A,2026-03-01,0.8301,1.962,5638154,0.7761,107219.0,Medium,No,
B,2017-03-01,0.7296,3.705,4045930,0.5781,94571.0,Low,No,
B,2017-04-01,0.7425,4.363,3609235,0.5968,94571.0,Low,No,
B,2017-05-01,0.7235,3.901,4232509,0.5287,94571.0,Low,No,
B,2017-06-01,0.7131,4.568,4114692,0.4832,94571.0,Low,No,
B,2017-07-01,0.7482,3.657,3430513,0.5054,94571.0,Low,No,
B,2017-08-01,0.7461,3.256,4090958,0.5507,94571.0,Low,No,
B,2017-09-01,0.7512,3.092,3202884,0.5847,94571.0,Low,No,
B,2017-10-01,0.7216,3.875,4222508,0.5635,94571.0,Low,No,
B,2017-11-01,0.7229,3.116,4169925,0.4649,94571.0,Low,No,
B,2017-12-01,0.6984,4.176,3720808,0.49,94571.0,Low,No,
B,2018-01-01,0.6684,5.16,3964282,0.4573,94571.0,Low,No,
B,2018-02-01,0.7241,3.331,3366738,0.4853,94571.0,Low,No,
B,2018-03-01,0.7585,2.784,4009421,0.5285,94571.0,Low,No,
B,2018-04-01,0.7716,2.824,3878235,0.6106,94571.0,Low,No,
B,2018-05-01,0.7648,2.753,4278128,0.5681,94571.0,Low,No,
B,2018-06-01,0.7634,2.918,3870811,0.6316,94571.0,Low,No,
B,2018-07-01,0.7759,2.655,3934192,0.6127,94571.0,Low,No,
B,2018-08-01,0.7643,2.961,4041683,0.5582,94571.0,Low,No,
B,2018-09-01,0.7612,2.949,3110531,0.5562,94571.0,Low,No,
B,2018-10-01,0.7351,3.607,4281787,0.5581,94571.0,Low,No,
B,2018-11-01,0.713,3.492,4096465,0.5086,94571.0,Low,No,
B,2018-12-01,0.7292,3.19,3888624,0.6153,94571.0,Low,No,
B,2019-01-01,0.7712,2.749,4258872,0.6267,94571.0,Low,No,
B,2019-02-01,0.7255,3.754,3648546,0.5791,94571.0,Low,No,
B,2019-03-01,0.7585,2.98,4347025,0.6076,94571.0,Low,No,
B,2019-04-01,0.758,3.185,4470696,0.6476,94571.0,Low,No,
B,2019-05-01,0.7716,2.866,4552299,0.6351,94571.0,Low,No,
B,2019-06-01,0.7694,2.759,4206354,0.703,94571.0,Low,No,
B,2019-07-01,0.7595,2.986,4421240,0.6865,94571.0,Low,No,
B,2019-08-01,0.7897,2.532,4338996,0.7436,94571.0,Low,No,
B,2019-09-01,0.7657,2.861,3876500,0.6991,94571.0,Low,No,
B,2019-10-01,0.742,3.264,5098443,0.6627,94571.0,Low,No,
B,2019-11-01,0.7356,3.52,4224520,0.6287,94571.0,Low,No,
B,2019-12-01,0.7385,3.356,4408174,0.6299,94571.0,Low,No,
B,2020-01-01,0.7682,3.184,4745746,0.715,94571.0,Low,No,
B,2020-02-01,0.7608,3.031,3733764,0.706,94571.0,Low,No,
B,2020-03-01,0.7838,2.576,2059486,0.8031,94571.0,Low,No,
B,2020-06-01,0.8058,1.749,529486,0.8544,94571.0,Low,No,
B,2020-07-01,0.7822,2.174,805616,0.8124,94571.0,Low,No,
B,2020-08-01,0.7928,2.321,953570,0.8168,94571.0,Low,No,
B,2020-09-01,0.804,1.836,974419,0.8455,94571.0,Low,No,
B,2020-10-01,0.7977,1.841,1375910,0.8732,94571.0,Low,No,
B,2020-11-01,0.8082,1.461,1279958,0.8673,94571.0,Low,No,
B,2020-12-01,0.7798,2.112,1394427,0.8189,94571.0,Low,No,
B,2021-01-01,0.8006,2.011,1190283,0.8635,94571.0,Low,No,
B,2021-02-01,0.7485,3.526,1099746,0.7141,94571.0,Low,No,
B,2021-03-01,0.7907,2.155,1427045,0.8269,94571.0,Low,No,
B,2021-04-01,0.8052,1.888,1438348,0.8657,94571.0,Low,No,
B,2021-05-01,0.7722,2.705,1354871,0.7893,94571.0,Low,No,
B,2021-06-01,0.7513,2.841,1720495,0.725,94571.0,Low,No,
B,2021-07-01,0.7582,2.677,1667150,0.7221,94571.0,Low,No,
B,2021-08-01,0.7589,2.467,1895188,0.7505,94571.0,Low,No,
B,2021-09-01,0.732,3.048,1669268,0.6717,94571.0,Low,No,
B,2021-10-01,0.7641,2.357,2132793,0.7201,94571.0,Low,No,
B,2021-11-01,0.7581,2.488,2501162,0.7114,94571.0,Low,No,
B,2021-12-01,0.7523,2.627,2448485,0.6926,94571.0,Low,No,
B,2022-01-01,0.7465,2.93,1137810,0.6695,94571.0,Low,No,
B,2022-02-01,0.7768,2.515,1793061,0.7376,94571.0,Low,No,
B,2022-03-01,0.7756,2.716,2641764,0.6719,94571.0,Low,No,
B,2022-04-01,0.7782,2.479,2473256,0.6934,94571.0,Low,No,
B,2022-05-01,0.7599,2.744,2568782,0.6657,94571.0,Low,No,
B,2022-06-01,0.7523,2.888,2687880,0.6913,94571.0,Low,No,
B,2022-07-01,0.7685,2.99,2344888,0.6962,94571.0,Low,No,
B,2022-08-01,0.7941,2.282,2525378,0.7745,94571.0,Low,No,
B,2022-09-01,0.7746,2.704,2174936,0.729,94571.0,Low,No,
B,2022-10-01,0.7612,3.049,2692848,0.5121,94571.0,Low,No,
B,2022-11-01,0.7496,3.147,2709093,0.5987,94571.0,Low,No,
B,2022-12-01,0.7763,2.574,2654765,0.7408,94571.0,Low,No,
B,2023-01-01,0.8023,2.222,2649845,0.7852,94571.0,Low,No,
B,2023-02-01,0.7808,2.44,2413287,0.79,94571.0,Low,No,
B,2023-03-01,0.7643,2.927,3065485,0.739,94571.0,Low,No,
B,2023-04-01,0.8258,1.962,2553594,0.8312,94571.0,Low,No,
B,2023-05-01,0.7658,3.01,3081485,0.7214,94571.0,Low,No,
B,2023-06-01,0.7708,2.613,3141229,0.7665,94571.0,Low,No,
B,2023-07-01,0.7719,2.569,2735292,0.7409,94571.0,Low,No,
B,2023-08-01,0.8127,2.032,2529504,0.806,94571.0,Low,No,
B,2023-09-01,0.7642,2.882,2399705,0.725,94571.0,Low,No,
B,2023-10-01,0.7924,2.211,3257933,0.7733,94571.0,Low,No,
B,2023-11-01,0.7629,2.647,3073001,0.7205,94571.0,Low,No,
B,2023-12-01,0.7576,2.723,2823532,0.7085,94571.0,Low,No,
B,2024-01-01,0.7444,3.201,2827185,0.679,94571.0,Low,No,
B,2024-02-01,0.7705,2.652,2295896,0.6902,94571.0,Low,No,
B,2024-03-01,0.7515,3.452,2776521,0.6744,94571.0,Low,No,
B,2024-04-01,0.7777,2.674,3153788,0.7108,94571.0,Low,No,
B,2024-05-01,0.7517,3.53,2948617,0.7154,94571.0,Low,No,
B,2024-06-01,0.7729,2.825,2814558,0.7287,94571.0,Low,No,
B,2024-07-01,0.7838,2.701,3267965,0.6315,94571.0,Low,No,
B,2024-08-01,0.7875,2.378,2607577,0.5417,94571.0,Low,No,
B,2024-09-01,0.7604,2.939,2638375,0.5285,94571.0,Low,No,
B,2024-10-01,0.761,2.674,2990318,0.602,94571.0,Low,No,
B,2024-11-01,0.7483,3.75,2732252,0.6357,94571.0,Low,No,
B,2024-12-01,0.7655,2.853,2911606,0.5976,94571.0,Low,No,
B,2025-01-01,0.757,3.707,3354942,0.612,94571.0,Low,No,
B,2025-02-01,0.7797,2.703,2532101,0.6649,94571.0,Low,No,
B,2025-03-01,0.8071,2.213,2641760,0.747,94571.0,Low,No,
B,2025-04-01,0.7984,2.326,3447858,0.7754,94571.0,Low,No,
B,2025-05-01,0.8006,2.095,3151125,0.7696,94571.0,Low,No,
B,2025-06-01,0.7924,2.173,3057430,0.7256,94571.0,Low,No,
B,2025-07-01,0.7394,4.199,3299864,0.6738,94571.0,Low,No,
B,2025-08-01,0.793,2.409,2966419,0.7532,94571.0,Low,No,
B,2025-09-01,0.7842,2.492,2949513,0.7392,94571.0,Low,No,
B,2025-10-01,0.7781,2.592,3631768,0.6785,94571.0,Low,No,
B,2025-11-01,0.8066,2.035,3146055,0.7202,94571.0,Low,No,
B,2025-12-01,0.8046,2.285,3684387,0.7286,94571.0,Low,No,
B,2026-01-01,0.7889,2.359,3060665,0.6775,94571.0,Low,No,
B,2026-02-01,0.7457,3.041,2673617,0.6057,94571.0,Low,No,
B,2026-03-01,0.7846,2.494,3443259,0.7054,94571.0,Low,No,
C,2017-03-01,0.7738,2.862,3132576,0.5898,114552.0,Medium,No,
C,2017-04-01,0.7799,2.924,2771400,0.6035,114552.0,Medium,No,
C,2017-05-01,0.7564,3.062,3256909,0.5836,114552.0,Medium,No,
C,2017-06-01,0.7506,3.569,3218391,0.5386,114552.0,Medium,No,
C,2017-07-01,0.7857,2.851,2594492,0.6198,114552.0,Medium,No,
C,2017-08-01,0.7849,2.616,3035404,0.6522,114552.0,Medium,No,
C,2017-09-01,0.7897,2.567,2442432,0.604,114552.0,Medium,No,
C,2017-10-01,0.7465,3.031,3279057,0.5823,114552.0,Medium,No,
C,2017-11-01,0.7527,2.944,3211704,0.5629,114552.0,Medium,No,
C,2017-12-01,0.7453,3.286,3052858,0.5343,114552.0,Medium,No,
C,2018-01-01,0.724,3.453,3086340,0.3472,114552.0,Medium,No,
C,2018-02-01,0.7574,2.825,2660503,0.4539,114552.0,Medium,No,
C,2018-03-01,0.7794,2.535,3116894,0.5475,114552.0,Medium,No,
C,2018-04-01,0.7724,2.98,3033357,0.6038,114552.0,Medium,No,
C,2018-05-01,0.8063,2.206,3286363,0.6081,114552.0,Medium,No,
C,2018-06-01,0.8233,2.155,2929469,0.6602,114552.0,Medium,No,
C,2018-07-01,0.8022,2.454,3051479,0.6426,114552.0,Medium,No,
C,2018-08-01,0.8105,2.471,3140068,0.6043,114552.0,Medium,No,
C,2018-09-01,0.8033,2.365,2419516,0.6083,114552.0,Medium,No,
C,2018-10-01,0.799,2.446,3397184,0.6343,114552.0,Medium,No,
C,2018-11-01,0.7829,2.586,3334513,0.6157,114552.0,Medium,No,
C,2018-12-01,0.7864,2.518,3285269,0.6274,114552.0,Medium,No,
C,2019-01-01,0.7963,2.491,3398928,0.6839,114552.0,Medium,No,
C,2019-02-01,0.7917,2.591,2723553,0.6753,114552.0,Medium,No,
C,2019-03-01,0.7934,2.662,3277554,0.6849,114552.0,Medium,No,
C,2019-04-01,0.822,2.355,3321541,0.7444,114552.0,Medium,No,
C,2019-05-01,0.8195,2.318,3443257,0.7782,114552.0,Medium,No,
C,2019-06-01,0.8261,2.379,3157131,0.7678,114552.0,Medium,No,
C,2019-07-01,0.8142,2.397,3333061,0.7183,114552.0,Medium,No,
C,2019-08-01,0.829,2.253,3263894,0.7691,114552.0,Medium,No,
C,2019-09-01,0.8162,2.376,2813312,0.7706,114552.0,Medium,No,
C,2019-10-01,0.8177,2.592,3748558,0.7748,114552.0,Medium,No,
C,2019-11-01,0.8158,2.362,3268985,0.7619,114552.0,Medium,No,
C,2019-12-01,0.8018,2.645,3441253,0.7246,114552.0,Medium,No,
C,2020-01-01,0.8229,2.29,3588966,0.7703,114552.0,Medium,No,
C,2020-02-01,0.8221,2.248,2828396,0.8038,114552.0,Medium,No,
C,2020-03-01,0.8411,1.969,1570772,0.7893,114552.0,Medium,No,
C,2020-05-01,0.9023,0.261,286309,0.9374,114552.0,Medium,No,
C,2020-06-01,0.8782,0.465,357710,0.9221,114552.0,Medium,No,
C,2020-07-01,0.865,0.827,397017,0.8662,114552.0,Medium,No,
C,2020-08-01,0.872,0.819,486079,0.8675,114552.0,Medium,No,
C,2020-09-01,0.8894,0.751,497915,0.8745,114552.0,Medium,No,
C,2020-10-01,0.8813,0.806,727329,0.8693,114552.0,Medium,No,
C,2020-11-01,0.8936,0.626,706632,0.8977,114552.0,Medium,No,
C,2020-12-01,0.8775,0.831,758580,0.9009,114552.0,Medium,No,
C,2021-01-01,0.8911,0.641,616132,0.8911,114552.0,Medium,No,
C,2021-02-01,0.8448,1.44,590161,0.7977,114552.0,Medium,No,
C,2021-03-01,0.8492,1.439,727124,0.8836,114552.0,Medium,No,
C,2021-04-01,0.863,1.416,757118,0.8827,114552.0,Medium,No,
C,2021-05-01,0.8226,2.082,711187,0.8321,114552.0,Medium,No,
C,2021-06-01,0.8221,1.802,924817,0.8093,114552.0,Medium,No,
C,2021-07-01,0.7965,1.899,921728,0.768,114552.0,Medium,No,
C,2021-08-01,0.819,1.536,1114401,0.7168,114552.0,Medium,No,
C,2021-09-01,0.7685,2.363,1050400,0.6401,114552.0,Medium,No,
C,2021-10-01,0.805,2.111,1539530,0.6733,114552.0,Medium,No,
C,2021-11-01,0.7887,2.303,1742402,0.652,114552.0,Medium,No,
C,2021-12-01,0.7776,2.309,1860474,0.6991,114552.0,Medium,No,
C,2022-01-01,0.7791,2.508,1947882,0.6662,114552.0,Medium,No,
C,2022-02-01,0.7984,2.264,1253342,0.5948,114552.0,Medium,No,
C,2022-03-01,0.8246,1.972,1830002,0.7086,114552.0,Medium,No,
C,2022-04-01,0.8163,2.076,1773209,0.7055,114552.0,Medium,No,
C,2022-05-01,0.7964,2.315,1807791,0.6999,114552.0,Medium,No,
C,2022-06-01,0.7997,2.217,1891605,0.6212,114552.0,Medium,No,
C,2022-07-01,0.7807,2.474,1690570,0.6097,114552.0,Medium,No,
C,2022-08-01,0.8275,1.946,1751579,0.6965,114552.0,Medium,No,
C,2022-09-01,0.8005,2.352,1547134,0.6667,114552.0,Medium,No,
C,2022-10-01,0.7971,2.415,2015501,0.6227,114552.0,Medium,No,
C,2022-11-01,0.8009,2.371,2065028,0.705,114552.0,Medium,No,
C,2022-12-01,0.8012,2.278,2144916,0.7198,114552.0,Medium,No,
C,2023-01-01,0.8265,2.082,1998290,0.7333,114552.0,Medium,No,
C,2023-02-01,0.8277,2.006,1705659,0.7528,114552.0,Medium,No,
C,2023-03-01,0.8266,2.093,2252607,0.7324,114552.0,Medium,No,
C,2023-04-01,0.8441,1.781,1940768,0.7446,114552.0,Medium,No,
C,2023-05-01,0.8247,2.313,2217553,0.7506,114552.0,Medium,No,
C,2023-06-01,0.8239,2.032,2282634,0.7456,114552.0,Medium,No,
C,2023-07-01,0.832,1.891,2001632,0.7625,114552.0,Medium,No,
C,2023-08-01,0.7963,2.392,2103563,0.6793,114552.0,Medium,No,
C,2023-09-01,0.8026,2.292,1700857,0.6507,114552.0,Medium,No,
C,2023-10-01,0.8105,2.052,2402065,0.7064,114552.0,Medium,No,
C,2023-11-01,0.8179,1.989,2274090,0.7451,114552.0,Medium,No,
C,2023-12-01,0.7883,2.333,2133423,0.6955,114552.0,Medium,No,
C,2024-01-01,0.8323,1.905,1980860,0.7038,114552.0,Medium,No,
C,2024-02-01,0.8297,2.191,1812082,0.6699,114552.0,Medium,No,
C,2024-03-01,0.8236,2.412,2117244,0.6504,114552.0,Medium,No,
C,2024-04-01,0.8412,1.939,2298564,0.6923,114552.0,Medium,No,
C,2024-05-01,0.8325,1.865,2049095,0.7188,114552.0,Medium,No,
C,2024-06-01,0.8374,1.919,2034095,0.6916,114552.0,Medium,No,
C,2024-07-01,0.8096,2.311,2183450,0.6118,114552.0,Medium,No,
C,2024-08-01,0.8267,2.051,1784528,0.6438,114552.0,Medium,No,
C,2024-09-01,0.8232,2.179,1975825,0.7327,114552.0,Medium,No,
C,2024-10-01,0.8502,1.798,2323297,0.7288,114552.0,Medium,No,
C,2024-11-01,0.8301,3.03,2244386,0.7147,114552.0,Medium,No,
C,2024-12-01,0.8319,2.4,2254547,0.6804,114552.0,Medium,No,
C,2025-01-01,0.818,2.582,2621700,0.7298,114552.0,Medium,No,
C,2025-02-01,0.8465,1.808,2115786,0.763,114552.0,Medium,No,
C,2025-03-01,0.8545,1.706,2340586,0.7302,114552.0,Medium,No,
C,2025-04-01,0.8612,1.553,2670319,0.7353,114552.0,Medium,No,
C,2025-05-01,0.8757,1.388,2590409,0.7996,114552.0,Medium,No,
C,2025-06-01,0.859,1.521,2527398,0.7916,114552.0,Medium,No,
C,2025-07-01,0.8327,2.052,2786762,0.7895,114552.0,Medium,No,
C,2025-08-01,0.8567,1.56,2449589,0.7911,114552.0,Medium,No,
C,2025-09-01,0.8625,1.547,2357784,0.7725,114552.0,Medium,No,
C,2025-10-01,0.8427,1.866,3108171,0.7419,114552.0,Medium,No,
C,2025-11-01,0.8414,1.275,2321013,0.7935,114552.0,Medium,No,
C,2025-12-01,0.8559,1.024,2722899,0.8231,114552.0,Medium,No,
C,2026-01-01,0.8117,1.779,2244174,0.8301,114552.0,Medium,No,
C,2026-02-01,0.806,1.887,1880493,0.7956,114552.0,Medium,No,
C,2026-03-01,0.8033,1.869,2549779,0.7798,114552.0,Medium,No,
D,2017-03-01,0.7118,3.513,4150225,0.5638,87877.0,Low,No,
D,2017-04-01,0.7128,4.402,3708946,0.5139,87877.0,Low,No,
D,2017-05-01,0.7034,3.851,4185110,0.526,87877.0,Low,No,
D,2017-06-01,0.7138,4.276,4010471,0.5151,87877.0,Low,No,
D,2017-07-01,0.7511,3.43,3309856,0.5946,87877.0,Low,No,
D,2017-08-01,0.7539,3.14,3875523,0.5595,87877.0,Low,No,
D,2017-09-01,0.7402,3.132,3140551,0.5761,87877.0,Low,No,
D,2017-10-01,0.7286,3.634,4115230,0.5633,87877.0,Low,No,
D,2017-11-01,0.7128,3.412,4034153,0.454,87877.0,Low,No,
D,2017-12-01,0.6989,3.649,3708990,0.4557,87877.0,Low,No,
D,2018-01-01,0.6709,4.418,3993198,0.4199,87877.0,Low,No,
D,2018-02-01,0.7102,3.541,3338712,0.4776,87877.0,Low,No,
D,2018-03-01,0.7342,3.118,3926496,0.5102,87877.0,Low,No,
D,2018-04-01,0.7622,2.912,3922264,0.5416,87877.0,Low,No,
D,2018-05-01,0.7483,2.946,4232128,0.4764,87877.0,Low,No,
D,2018-06-01,0.7566,2.99,4016823,0.6522,87877.0,Low,No,
D,2018-07-01,0.7508,3.176,3906689,0.4566,87877.0,Low,No,
D,2018-08-01,0.7454,3.301,3989789,0.653,87877.0,Low,No,
D,2018-09-01,0.7445,3.159,3164046,0.6593,87877.0,Low,No,
D,2018-10-01,0.7294,3.282,4271710,0.5252,87877.0,Low,No,
D,2018-11-01,0.7292,3.277,4115929,0.5455,87877.0,Low,No,
D,2018-12-01,0.7567,2.989,3856164,0.6059,87877.0,Low,No,
D,2019-01-01,0.7933,2.579,4257115,0.6739,87877.0,Low,No,
D,2019-02-01,0.7469,3.258,3494131,0.5632,87877.0,Low,No,
D,2019-03-01,0.7872,2.712,4133529,0.6124,87877.0,Low,No,
D,2019-04-01,0.7858,2.747,4381802,0.638,87877.0,Low,No,
D,2019-05-01,0.7881,2.716,4363126,0.6827,87877.0,Low,No,
D,2019-06-01,0.7952,2.564,4044094,0.7118,87877.0,Low,No,
D,2019-07-01,0.8007,2.493,4226921,0.7278,87877.0,Low,No,
D,2019-08-01,0.8294,2.134,4068834,0.7718,87877.0,Low,No,
D,2019-09-01,0.8021,2.543,3600569,0.724,87877.0,Low,No,
D,2019-10-01,0.778,2.848,4805736,0.647,87877.0,Low,No,
D,2019-11-01,0.7791,2.725,4113296,0.7357,87877.0,Low,No,
D,2019-12-01,0.7676,2.85,4304372,0.7025,87877.0,Low,No,
D,2020-01-01,0.7957,2.702,4617167,0.7345,87877.0,Low,No,
D,2020-02-01,0.7945,2.686,3624367,0.7584,87877.0,Low,No,
D,2020-03-01,0.8168,2.279,1987669,0.794,87877.0,Low,No,
D,2020-04-01,0.803,0.425,288883,0.8752,87877.0,Low,No,
D,2020-05-01,0.821,0.461,506312,0.9384,87877.0,Low,No,
D,2020-06-01,0.831,1.114,812140,0.906,87877.0,Low,No,
D,2020-07-01,0.8225,1.381,957658,0.861,87877.0,Low,No,
D,2020-08-01,0.8154,1.673,1058767,0.8798,87877.0,Low,No,
D,2020-09-01,0.8381,1.277,1103933,0.8408,87877.0,Low,No,
D,2020-10-01,0.8069,1.989,1473125,0.8584,87877.0,Low,No,
D,2020-11-01,0.8165,1.603,1394345,0.8138,87877.0,Low,No,
D,2020-12-01,0.8021,1.937,1526994,0.8019,87877.0,Low,No,
D,2021-01-01,0.826,1.63,1304066,0.8884,87877.0,Low,No,
D,2021-02-01,0.7651,3.002,1127035,0.7816,87877.0,Low,No,
D,2021-03-01,0.8212,1.49,1505972,0.8626,87877.0,Low,No,
D,2021-04-01,0.8292,1.352,1540030,0.88,87877.0,Low,No,
D,2021-05-01,0.8077,2.088,1372135,0.8031,87877.0,Low,No,
D,2021-06-01,0.7798,2.341,1714001,0.7515,87877.0,Low,No,
D,2021-07-01,0.7839,2.069,1665969,0.7559,87877.0,Low,No,
D,2021-08-01,0.791,1.918,1841465,0.7725,87877.0,Low,No,
D,2021-09-01,0.7505,2.651,1658032,0.7157,87877.0,Low,No,
D,2021-10-01,0.7487,2.59,2081121,0.6844,87877.0,Low,No,
D,2021-11-01,0.7487,2.637,2361615,0.6706,87877.0,Low,No,
D,2021-12-01,0.7591,2.239,2462405,0.7243,87877.0,Low,No,
D,2022-01-01,0.7685,1.755,3032337,0.7587,87877.0,Low,No,
D,2022-02-01,0.7961,2.075,1829908,0.747,87877.0,Low,No,
D,2022-03-01,0.7803,2.463,2581181,0.7325,87877.0,Low,No,
D,2022-04-01,0.797,2.089,2363999,0.7583,87877.0,Low,No,
D,2022-05-01,0.7804,2.243,2451145,0.7518,87877.0,Low,No,
D,2022-06-01,0.7841,2.241,2568740,0.7191,87877.0,Low,No,
D,2022-07-01,0.7908,1.966,2433768,0.6823,87877.0,Low,No,
D,2022-08-01,0.8019,1.964,2609951,0.7029,87877.0,Low,No,
D,2022-09-01,0.7826,2.217,2302536,0.7144,87877.0,Low,No,
D,2022-10-01,0.7876,2.16,2816470,0.7049,87877.0,Low,No,
D,2022-11-01,0.7748,2.49,2825686,0.7132,87877.0,Low,No,
D,2022-12-01,0.7997,2.079,2853208,0.749,87877.0,Low,No,
D,2023-01-01,0.8088,1.808,2699860,0.7777,87877.0,Low,No,
D,2023-02-01,0.815,1.822,2213521,0.7397,87877.0,Low,No,
D,2023-03-01,0.7966,2.214,2982757,0.7452,87877.0,Low,No,
D,2023-04-01,0.8367,1.479,2696824,0.787,87877.0,Low,No,
D,2023-05-01,0.7777,2.74,2870569,0.6426,87877.0,Low,No,
D,2023-06-01,0.7953,2.166,2891402,0.7193,87877.0,Low,No,
D,2023-07-01,0.7974,2.099,2658665,0.7628,87877.0,Low,No,
D,2023-08-01,0.8098,1.705,2955588,0.8482,87877.0,Low,No,
D,2023-09-01,0.7942,2.309,2146296,0.738,87877.0,Low,No,
D,2023-10-01,0.8035,2.125,3069811,0.7522,87877.0,Low,No,
D,2023-11-01,0.8095,2.062,2894017,0.7293,87877.0,Low,No,
D,2023-12-01,0.7867,2.361,2681027,0.7026,87877.0,Low,No,
D,2024-01-01,0.7917,2.354,2731726,0.7107,87877.0,Low,No,
D,2024-02-01,0.7834,2.362,2378968,0.6888,87877.0,Low,No,
D,2024-03-01,0.7993,2.117,2839787,0.7164,87877.0,Low,No,
D,2024-04-01,0.8063,2.033,3025358,0.7376,87877.0,Low,No,
D,2024-05-01,0.7863,2.494,2948992,0.7098,87877.0,Low,No,
D,2024-06-01,0.7905,2.198,2706649,0.727,87877.0,Low,No,
D,2024-07-01,0.7913,2.332,2762073,0.6925,87877.0,Low,No,
D,2024-08-01,0.7985,2.084,2322085,0.7057,87877.0,Low,No,
D,2024-09-01,0.7652,2.797,2600288,0.7626,87877.0,Low,No,
D,2024-10-01,0.7827,2.413,3034881,0.7238,87877.0,Low,No,
D,2024-11-01,0.7546,3.717,2811066,0.7729,87877.0,Low,No,
D,2024-12-01,0.7938,2.154,2853318,0.768,87877.0,Low,No,
D,2025-01-01,0.7768,2.931,3233393,0.8144,87877.0,Low,No,
D,2025-02-01,0.7893,2.382,2580842,0.7587,87877.0,Low,No,
D,2025-03-01,0.8076,2.026,2808930,0.8391,87877.0,Low,No,
D,2025-04-01,0.8149,1.95,3187315,0.8049,87877.0,Low,No,
D,2025-05-01,0.8134,1.798,3104580,0.8048,87877.0,Low,No,
D,2025-06-01,0.8277,1.27,2887651,0.7598,87877.0,Low,No,
D,2025-07-01,0.7638,3.41,3014479,0.7674,87877.0,Low,No,
D,2025-08-01,0.822,1.674,2814886,0.8204,87877.0,Low,No,
D,2025-09-01,0.8197,1.605,2689705,0.8612,87877.0,Low,No,
D,2025-10-01,0.8217,1.635,3373471,0.8259,87877.0,Low,No,
D,2025-11-01,0.827,1.418,2680685,0.8428,87877.0,Low,No,
D,2025-12-01,0.8119,1.776,3119172,0.7987,87877.0,Low,No,
D,2026-01-01,0.7899,2.19,2882354,0.7874,87877.0,Low,No,
D,2026-02-01,0.7725,2.478,2503345,0.7687,87877.0,Low,No,
D,2026-03-01,0.7947,2.169,3244271,0.7883,87877.0,Low,No,
E,2017-03-01,0.7856,2.824,5342234,0.6023,117211.0,Medium,No,
E,2017-04-01,0.7905,3.178,4857803,0.6001,117211.0,Medium,No,
E,2017-05-01,0.7473,3.409,5763142,0.5302,117211.0,Medium,No,
E,2017-06-01,0.7841,2.701,5781367,0.5934,117211.0,Medium,No,
E,2017-07-01,0.8088,2.222,4593541,0.6305,117211.0,Medium,No,
E,2017-08-01,0.7574,3.057,5282967,0.5577,117211.0,Medium,No,
E,2017-09-01,0.7569,3.09,4462575,0.5666,117211.0,Medium,No,
E,2017-10-01,0.7594,3.275,5702223,0.6044,117211.0,Medium,No,
E,2017-11-01,0.7974,2.27,5569454,0.6147,117211.0,Medium,No,
E,2017-12-01,0.7822,2.949,4434479,0.524,117211.0,Medium,No,
E,2018-01-01,0.7676,2.883,5456466,0.4739,117211.0,Medium,No,
E,2018-02-01,0.758,3.145,4701022,0.5013,117211.0,Medium,No,
E,2018-03-01,0.8076,2.204,5448096,0.5844,117211.0,Medium,No,
E,2018-04-01,0.7882,2.916,5432076,0.5734,117211.0,Medium,No,
E,2018-05-01,0.7902,3.028,6100437,0.5548,117211.0,Medium,No,
E,2018-06-01,0.8387,1.858,5702400,0.5706,117211.0,Medium,No,
E,2018-07-01,0.7954,2.666,5688038,0.555,117211.0,Medium,No,
E,2018-08-01,0.8318,1.986,6174558,0.527,117211.0,Medium,No,
E,2018-09-01,0.8193,2.229,4852593,0.6141,117211.0,Medium,No,
E,2018-10-01,0.8277,2.065,6588903,0.6375,117211.0,Medium,No,
E,2018-11-01,0.8087,2.349,6288244,0.6544,117211.0,Medium,No,
E,2018-12-01,0.793,2.703,5381851,0.6406,117211.0,Medium,No,
E,2019-01-01,0.8365,1.984,6380254,0.7311,117211.0,Medium,No,
E,2019-02-01,0.8417,1.876,5281721,0.7499,117211.0,Medium,No,
E,2019-03-01,0.8284,2.02,6082182,0.6982,117211.0,Medium,No,
E,2019-04-01,0.856,1.726,6215545,0.7805,117211.0,Medium,No,
E,2019-05-01,0.8589,1.639,6314149,0.8075,117211.0,Medium,No,
E,2019-06-01,0.8711,1.632,5861642,0.8102,117211.0,Medium,No,
E,2019-07-01,0.8592,1.597,6153753,0.8129,117211.0,Medium,No,
E,2019-08-01,0.8584,1.679,5865732,0.851,117211.0,Medium,No,
E,2019-09-01,0.8503,1.752,5210849,0.822,117211.0,Medium,No,
E,2019-10-01,0.8641,1.642,6760470,0.8057,117211.0,Medium,No,
E,2019-11-01,0.8517,1.902,6056091,0.8033,117211.0,Medium,No,
E,2019-12-01,0.8256,2.188,6251843,0.8022,117211.0,Medium,No,
E,2020-01-01,0.8427,2.228,6509664,0.8213,117211.0,Medium,No,
E,2020-02-01,0.8616,1.552,5132278,0.8232,117211.0,Medium,No,
E,2020-03-01,0.8702,2.118,2784042,0.865,117211.0,Medium,No,
E,2020-04-01,0.8264,-0.285,162944,0.8692,117211.0,Medium,No,
E,2020-05-01,0.853,-1.629,273454,0.9672,117211.0,Medium,No,
E,2020-06-01,0.927,-0.189,765676,0.9339,117211.0,Medium,No,
E,2020-07-01,0.9238,0.172,975600,0.904,117211.0,Medium,No,
E,2020-08-01,0.9398,-0.11,1183540,0.9136,117211.0,Medium,No,
E,2020-09-01,0.9364,-0.122,1129315,0.8522,117211.0,Medium,No,
E,2020-10-01,0.9201,0.009,1502722,0.8059,117211.0,Medium,No,
E,2020-11-01,0.9224,-0.361,1486281,0.8863,117211.0,Medium,No,
E,2020-12-01,0.9312,0.092,1501324,0.8964,117211.0,Medium,No,
E,2021-01-01,0.8778,1.087,1438861,0.8544,117211.0,Medium,No,
E,2021-02-01,0.9046,0.622,1375954,0.8684,117211.0,Medium,No,
E,2021-03-01,0.9273,0.204,1729791,0.9149,117211.0,Medium,No,
E,2021-04-01,0.9239,0.219,1836065,0.9098,117211.0,Medium,No,
E,2021-05-01,0.8634,1.432,1667227,0.835,117211.0,Medium,No,
E,2021-06-01,0.7594,2.834,2059326,0.7121,117211.0,Medium,No,
E,2021-07-01,0.8177,2.201,1997792,0.7306,117211.0,Medium,No,
E,2021-08-01,0.8116,1.979,2409961,0.7726,117211.0,Medium,No,
E,2021-09-01,0.7963,2.499,2105278,0.694,117211.0,Medium,No,
E,2021-10-01,0.8382,1.784,2780636,0.7459,117211.0,Medium,No,
E,2021-11-01,0.8263,1.816,3069058,0.7488,117211.0,Medium,No,
E,2021-12-01,0.8597,1.419,3203867,0.7488,117211.0,Medium,No,
E,2022-01-01,0.8746,1.175,3307970,0.7279,117211.0,Medium,No,
E,2022-02-01,0.8463,1.69,2293723,0.7018,117211.0,Medium,No,
E,2022-03-01,0.8345,1.998,3242116,0.7077,117211.0,Medium,No,
E,2022-04-01,0.8362,1.762,3289751,0.7049,117211.0,Medium,No,
E,2022-05-01,0.8475,1.757,3367312,0.7085,117211.0,Medium,No,
E,2022-06-01,0.8441,1.674,3398919,0.723,117211.0,Medium,No,
E,2022-07-01,0.844,1.759,3241701,0.7263,117211.0,Medium,No,
E,2022-08-01,0.8333,1.835,3509612,0.684,117211.0,Medium,No,
E,2022-09-01,0.8379,1.769,3139956,0.7135,117211.0,Medium,No,
E,2022-10-01,0.8513,1.988,3863103,0.7574,117211.0,Medium,No,
E,2022-11-01,0.8426,1.832,3895596,0.7381,117211.0,Medium,No,
E,2022-12-01,0.8558,1.677,3415414,0.7775,117211.0,Medium,No,
E,2023-01-01,0.8785,1.314,3748439,0.7907,117211.0,Medium,No,
E,2023-02-01,0.8933,0.988,5941133,0.8092,117211.0,Medium,No,
E,2023-03-01,0.8468,1.818,4294111,0.7622,117211.0,Medium,No,
E,2023-04-01,0.874,1.29,3506394,0.751,117211.0,Medium,No,
E,2023-05-01,0.8419,1.988,4011886,0.7402,117211.0,Medium,No,
E,2023-06-01,0.8601,1.576,4107574,0.747,117211.0,Medium,No,
E,2023-07-01,0.8706,1.271,3823857,0.7361,117211.0,Medium,No,
E,2023-08-01,0.8844,1.033,3974098,0.7833,117211.0,Medium,No,
E,2023-09-01,0.8931,0.845,3025167,0.689,117211.0,Medium,No,
E,2023-10-01,0.8843,1.213,3975482,0.7229,117211.0,Medium,No,
E,2023-11-01,0.9006,0.743,3755594,0.7334,117211.0,Medium,No,
E,2023-12-01,0.8918,0.884,3457529,0.7267,117211.0,Medium,No,
E,2024-01-01,0.8917,0.942,3371861,0.7416,117211.0,Medium,No,
E,2024-02-01,0.8475,1.815,2993361,0.6625,117211.0,Medium,No,
E,2024-03-01,0.8891,0.897,3424375,0.7301,117211.0,Medium,No,
E,2024-04-01,0.8896,0.762,4388536,0.7664,117211.0,Medium,No,
E,2024-05-01,0.9024,0.689,3914000,0.8195,117211.0,Medium,No,
E,2024-06-01,0.9028,0.993,3701078,0.8118,117211.0,Medium,No,
E,2024-07-01,0.8751,1.189,4086755,0.8091,117211.0,Medium,No,
E,2024-08-01,0.9137,0.325,3465620,0.8084,117211.0,Medium,No,
E,2024-09-01,0.8742,1.475,3641132,0.8063,117211.0,Medium,No,
E,2024-10-01,0.9179,0.288,4217140,0.8218,117211.0,Medium,No,
E,2024-11-01,0.8749,1.16,3947308,0.7929,117211.0,Medium,No,
E,2024-12-01,0.8569,1.165,4059401,0.7358,117211.0,Medium,No,
E,2025-01-01,0.8843,0.961,5006169,0.8129,117211.0,Medium,No,
E,2025-02-01,0.8656,1.234,4077744,0.7523,117211.0,Medium,No,
E,2025-03-01,0.8851,0.935,4311009,0.7839,117211.0,Medium,No,
E,2025-04-01,0.8855,1.457,4690776,0.7741,117211.0,Medium,No,
E,2025-05-01,0.905,0.593,4509727,0.8099,117211.0,Medium,No,
E,2025-06-01,0.874,1.241,4073886,0.78,117211.0,Medium,No,
E,2025-07-01,0.8228,2.346,4897470,0.72,117211.0,Medium,No,
E,2025-08-01,0.8668,1.677,4628516,0.7906,117211.0,Medium,No,
E,2025-09-01,0.886,1.395,4450021,0.8444,117211.0,Medium,No,
E,2025-10-01,0.8509,2.171,5480022,0.7818,117211.0,Medium,No,
E,2025-11-01,0.8686,1.77,4697257,0.7888,117211.0,Medium,No,
E,2025-12-01,0.8766,1.511,5235834,0.7613,117211.0,Medium,No,
E,2026-01-01,0.8981,1.238,4474086,0.8167,117211.0,Medium,No,
E,2026-02-01,0.8378,2.595,3929968,0.7318,117211.0,Medium,No,
E,2026-03-01,0.8641,2.719,4924286,0.7601,117211.0,Medium,No,
F,2017-03-01,0.7637,2.852,6984014,0.4727,113510.0,Medium,No,
F,2017-04-01,0.7735,2.947,6251489,0.4545,113510.0,Medium,No,
F,2017-05-01,0.7153,3.679,7319363,0.3854,113510.0,Medium,No,
F,2017-06-01,0.7581,3.301,7117916,0.477,113510.0,Medium,No,
F,2017-07-01,0.7843,2.541,6022733,0.5399,113510.0,Medium,No,
F,2017-08-01,0.7334,3.22,6955945,0.4176,113510.0,Medium,No,
F,2017-09-01,0.7674,2.759,5654111,0.4484,113510.0,Medium,No,
F,2017-10-01,0.7481,3.222,7258368,0.4446,113510.0,Medium,No,
F,2017-11-01,0.7715,2.537,7054579,0.4637,113510.0,Medium,No,
F,2017-12-01,0.7678,2.772,6293430,0.4031,113510.0,Medium,No,
F,2018-01-01,0.7343,3.111,7006083,0.3219,113510.0,Medium,No,
F,2018-02-01,0.7374,3.24,5999404,0.3796,113510.0,Medium,No,
F,2018-03-01,0.7845,2.452,6800120,0.4706,113510.0,Medium,No,
F,2018-04-01,0.78,2.73,6459403,0.5021,113510.0,Medium,No,
F,2018-05-01,0.7805,2.718,7015811,0.4013,113510.0,Medium,No,
F,2018-06-01,0.8104,2.121,6917866,0.4678,113510.0,Medium,No,
F,2018-07-01,0.79,2.5,6104867,0.4865,113510.0,Medium,No,
F,2018-08-01,0.8171,2.039,6067993,0.509,113510.0,Medium,No,
F,2018-09-01,0.8016,2.323,5067315,0.5037,113510.0,Medium,No,
F,2018-10-01,0.8092,2.22,6740528,0.5725,113510.0,Medium,No,
F,2018-11-01,0.7802,2.613,6443469,0.5109,113510.0,Medium,No,
F,2018-12-01,0.7441,3.238,5973140,0.4286,113510.0,Medium,No,
F,2019-01-01,0.7994,2.33,6543870,0.5346,113510.0,Medium,No,
F,2019-02-01,0.8024,2.385,5688652,0.522,113510.0,Medium,No,
F,2019-03-01,0.8122,2.2,6574057,0.5604,113510.0,Medium,No,
F,2019-04-01,0.8392,1.888,7084775,0.6547,113510.0,Medium,No,
F,2019-05-01,0.8285,1.961,6965808,0.6918,113510.0,Medium,No,
F,2019-06-01,0.8347,1.942,6534086,0.7118,113510.0,Medium,No,
F,2019-07-01,0.8309,1.928,6929847,0.6737,113510.0,Medium,No,
F,2019-08-01,0.8191,2.21,6734085,0.6618,113510.0,Medium,No,
F,2019-09-01,0.8276,1.943,5897595,0.7066,113510.0,Medium,No,
F,2019-10-01,0.8206,2.097,7629327,0.7071,113510.0,Medium,No,
F,2019-11-01,0.84,1.788,6539880,0.7306,113510.0,Medium,No,
F,2019-12-01,0.822,2.035,6987242,0.7027,113510.0,Medium,No,
F,2020-01-01,0.8381,2.149,7360722,0.7332,113510.0,Medium,No,
F,2020-02-01,0.8574,1.48,5783628,0.7465,113510.0,Medium,No,
F,2020-03-01,0.8844,1.033,3154626,0.8,113510.0,Medium,No,
F,2020-04-01,0.8447,-0.179,222125,0.8557,113510.0,Medium,No,
F,2020-05-01,0.8723,-0.809,415317,0.9295,113510.0,Medium,No,
F,2020-06-01,0.8696,-0.268,897697,0.8903,113510.0,Medium,No,
F,2020-07-01,0.8677,-0.257,1165203,0.8601,113510.0,Medium,No,
F,2020-08-01,0.8857,-0.592,1370835,0.848,113510.0,Medium,No,
F,2020-09-01,0.8798,-0.396,1329528,0.7849,113510.0,Medium,No,
F,2020-10-01,0.8808,-0.092,1975520,0.8136,113510.0,Medium,No,
F,2020-11-01,0.8675,0.058,1825320,0.8522,113510.0,Medium,No,
F,2020-12-01,0.8771,-0.34,1978270,0.8853,113510.0,Medium,No,
F,2021-01-01,0.8654,-0.145,1679170,0.8519,113510.0,Medium,No,
F,2021-02-01,0.859,-0.004,1598618,0.8292,113510.0,Medium,No,
F,2021-03-01,0.874,-0.256,2019800,0.8433,113510.0,Medium,No,
F,2021-04-01,0.8656,-0.011,1821492,0.8914,113510.0,Medium,No,
F,2021-05-01,0.8662,1.238,1716765,0.7564,113510.0,Medium,No,
F,2021-06-01,0.8034,2.108,2480702,0.7019,113510.0,Medium,No,
F,2021-07-01,0.8365,1.506,2408183,0.7296,113510.0,Medium,No,
F,2021-08-01,0.8342,1.509,2788856,0.7195,113510.0,Medium,No,
F,2021-09-01,0.824,1.838,2460662,0.6796,113510.0,Medium,No,
F,2021-10-01,0.8395,1.657,3221452,0.7023,113510.0,Medium,No,
F,2021-11-01,0.849,1.4,3721454,0.7716,113510.0,Medium,No,
F,2021-12-01,0.8257,1.542,3851093,0.7125,113510.0,Medium,No,
F,2022-01-01,0.8379,0.642,3950787,0.7658,113510.0,Medium,No,
F,2022-02-01,0.8261,1.221,2750786,0.6768,113510.0,Medium,No,
F,2022-03-01,0.825,2.357,4016338,0.6736,113510.0,Medium,No,
F,2022-04-01,0.832,1.716,3848519,0.6975,113510.0,Medium,No,
F,2022-05-01,0.8352,1.769,3880048,0.676,113510.0,Medium,No,
F,2022-06-01,0.8454,1.42,4025139,0.6879,113510.0,Medium,No,
F,2022-07-01,0.8234,1.782,3763447,0.669,113510.0,Medium,No,
F,2022-08-01,0.844,1.427,4051295,0.7231,113510.0,Medium,No,
F,2022-09-01,0.8405,1.581,3616577,0.7128,113510.0,Medium,No,
F,2022-10-01,0.8416,1.704,4488965,0.6975,113510.0,Medium,No,
F,2022-11-01,0.8562,1.411,4569347,0.7604,113510.0,Medium,No,
F,2022-12-01,0.8437,1.552,4502377,0.7405,113510.0,Medium,No,
F,2023-01-01,0.8758,1.121,4434814,0.7248,113510.0,Medium,No,
F,2023-02-01,0.8523,1.361,3966155,0.6858,113510.0,Medium,No,
F,2023-03-01,0.8396,1.575,5086752,0.7208,113510.0,Medium,No,
F,2023-04-01,0.8714,1.156,4385204,0.7439,113510.0,Medium,No,
F,2023-05-01,0.8501,1.365,4905096,0.7236,113510.0,Medium,No,
F,2023-06-01,0.8636,1.228,4996562,0.7306,113510.0,Medium,No,
F,2023-07-01,0.8596,1.226,4417377,0.7153,113510.0,Medium,No,
F,2023-08-01,0.8522,1.35,4707760,0.7112,113510.0,Medium,No,
F,2023-09-01,0.8351,1.625,3774131,0.6219,113510.0,Medium,No,
F,2023-10-01,0.8383,1.771,5337625,0.6816,113510.0,Medium,No,
F,2023-11-01,0.8545,1.288,5102278,0.6832,113510.0,Medium,No,
F,2023-12-01,0.8181,2.027,4945134,0.6583,113510.0,Medium,No,
F,2024-01-01,0.8162,1.948,4730919,0.6398,113510.0,Medium,No,
F,2024-02-01,0.7935,2.66,4058811,0.5635,113510.0,Medium,No,
F,2024-03-01,0.8356,1.715,4734643,0.7407,113510.0,Medium,No,
F,2024-04-01,0.8707,0.91,4164172,0.7046,113510.0,Medium,No,
F,2024-05-01,0.8613,1.103,4605946,0.7571,113510.0,Medium,No,
F,2024-06-01,0.8859,0.66,4432265,0.7605,113510.0,Medium,No,
F,2024-07-01,0.8486,1.43,4834879,0.7144,113510.0,Medium,No,
F,2024-08-01,0.8693,0.899,4308668,0.7435,113510.0,Medium,No,
F,2024-09-01,0.8338,1.478,4403028,0.6806,113510.0,Medium,No,
F,2024-10-01,0.8762,0.76,5116906,0.7188,113510.0,Medium,No,
F,2024-11-01,0.8479,1.262,4711591,0.7124,113510.0,Medium,No,
F,2024-12-01,0.8129,2.028,4928532,0.6438,113510.0,Medium,No,
F,2025-01-01,0.8135,1.754,5715102,0.7058,113510.0,Medium,No,
F,2025-02-01,0.8266,1.58,4596759,0.6605,113510.0,Medium,No,
F,2025-03-01,0.8529,1.149,4958089,0.7249,113510.0,Medium,No,
F,2025-04-01,0.8647,0.818,5544525,0.7411,113510.0,Medium,No,
F,2025-05-01,0.8599,0.911,5338610,0.7334,113510.0,Medium,No,
F,2025-06-01,0.8481,1.49,5068703,0.7398,113510.0,Medium,No,
F,2025-07-01,0.7931,3.28,5715070,0.7076,113510.0,Medium,No,
F,2025-08-01,0.8198,2.138,5081402,0.7363,113510.0,Medium,No,
F,2025-09-01,0.8653,1.559,4893959,0.8047,113510.0,Medium,No,
F,2025-10-01,0.8352,2.131,6272454,0.7759,113510.0,Medium,No,
F,2025-11-01,0.8501,1.721,5284650,0.7812,113510.0,Medium,No,
F,2025-12-01,0.8335,1.888,5891735,0.7433,113510.0,Medium,No,
F,2026-01-01,0.8535,1.701,5394368,0.7986,113510.0,Medium,No,
F,2026-02-01,0.7862,2.788,4711601,0.7177,113510.0,Medium,No,
F,2026-03-01,0.8254,2.543,6110102,0.7566,113510.0,Medium,No,
G,2017-03-01,0.819,2.389,1923242,0.7335,128909.0,High,No,
G,2017-04-01,0.8177,2.361,1705958,0.7518,128909.0,High,No,
G,2017-05-01,0.8162,2.623,1981820,0.6994,128909.0,High,No,
G,2017-06-01,0.8214,2.216,1870292,0.717,128909.0,High,No,
G,2017-07-01,0.8478,1.939,1563952,0.7374,128909.0,High,No,
G,2017-08-01,0.8336,2.012,1808932,0.7784,128909.0,High,No,
G,2017-09-01,0.8447,1.989,1476658,0.7893,128909.0,High,No,
G,2017-10-01,0.827,2.172,1989594,0.7392,128909.0,High,No,
G,2017-11-01,0.8182,2.363,1977135,0.703,128909.0,High,No,
G,2017-12-01,0.813,2.312,1837590,0.6408,128909.0,High,No,
G,2018-01-01,0.7798,2.698,1957756,0.5081,128909.0,High,No,
G,2018-02-01,0.8164,2.291,1736374,0.6133,128909.0,High,No,
G,2018-03-01,0.8228,2.686,1882342,0.6916,128909.0,High,No,
G,2018-04-01,0.8323,2.503,1859655,0.7321,128909.0,High,No,
G,2018-05-01,0.8374,2.131,2053055,0.6984,128909.0,High,No,
G,2018-06-01,0.8479,2.038,1899827,0.7492,128909.0,High,No,
G,2018-07-01,0.8331,2.097,1837797,0.7161,128909.0,High,No,
G,2018-08-01,0.8415,2.067,1857874,0.7306,128909.0,High,No,
G,2018-09-01,0.8231,2.246,1470488,0.7407,128909.0,High,No,
G,2018-10-01,0.8181,3.025,2079958,0.7024,128909.0,High,No,
G,2018-11-01,0.8138,2.387,2020494,0.6902,128909.0,High,No,
G,2018-12-01,0.8278,2.607,1805192,0.7759,128909.0,High,No,
G,2019-01-01,0.8213,2.695,1955114,0.7334,128909.0,High,No,
G,2019-02-01,0.814,2.471,1681592,0.7203,128909.0,High,No,
G,2019-03-01,0.8086,2.589,1908042,0.7807,128909.0,High,No,
G,2019-04-01,0.8671,1.91,2082108,0.8233,128909.0,High,No,
G,2019-05-01,0.8341,2.224,2113639,0.7513,128909.0,High,No,
G,2019-06-01,0.8349,2.241,1953008,0.824,128909.0,High,No,
G,2019-07-01,0.8413,2.071,2048801,0.816,128909.0,High,No,
G,2019-08-01,0.8463,2.091,1939146,0.8544,128909.0,High,No,
G,2019-09-01,0.8387,2.413,1675842,0.8093,128909.0,High,No,
G,2019-10-01,0.8249,2.392,2353710,0.8074,128909.0,High,No,
G,2019-11-01,0.8227,2.346,1966434,0.7755,128909.0,High,No,
G,2019-12-01,0.7967,2.418,2165283,0.7484,128909.0,High,No,
G,2020-01-01,0.8386,2.306,2275603,0.7857,128909.0,High,No,
G,2020-02-01,0.8023,2.508,1825258,0.7911,128909.0,High,No,
G,2020-03-01,0.8443,2.009,1011582,0.8227,128909.0,High,No,
G,2020-04-01,0.757,1.818,89730,0.7329,128909.0,High,No,
G,2020-05-01,0.8676,-0.088,173990,0.9519,128909.0,High,No,
G,2020-06-01,0.8415,0.851,326522,0.9388,128909.0,High,No,
G,2020-07-01,0.8145,1.29,416967,0.9135,128909.0,High,No,
G,2020-08-01,0.8229,1.161,461980,0.9221,128909.0,High,No,
G,2020-09-01,0.8339,1.218,482186,0.8832,128909.0,High,No,
G,2020-10-01,0.8322,1.293,688388,0.9176,128909.0,High,No,
G,2020-11-01,0.8322,1.303,680749,0.8951,128909.0,High,No,
G,2020-12-01,0.8481,1.229,739245,0.9108,128909.0,High,No,
G,2021-01-01,0.8541,1.146,618896,0.9281,128909.0,High,No,
G,2021-02-01,0.8329,1.455,590986,0.8724,128909.0,High,No,
G,2021-03-01,0.8448,1.312,760794,0.9053,128909.0,High,No,
G,2021-04-01,0.8346,1.221,799891,0.9176,128909.0,High,No,
G,2021-05-01,0.8126,1.816,722481,0.8568,128909.0,High,No,
G,2021-06-01,0.836,1.602,902510,0.8348,128909.0,High,No,
G,2021-07-01,0.8318,1.578,873603,0.8487,128909.0,High,No,
G,2021-08-01,0.813,1.827,958981,0.8352,128909.0,High,No,
G,2021-09-01,0.7858,2.037,854661,0.7607,128909.0,High,No,
G,2021-10-01,0.808,1.985,1096106,0.8361,128909.0,High,No,
G,2021-11-01,0.8271,1.496,1295794,0.8891,128909.0,High,No,
G,2021-12-01,0.8062,1.815,1348988,0.8852,128909.0,High,No,
G,2022-01-01,0.8198,1.219,1354386,0.9111,128909.0,High,No,
G,2022-02-01,0.8262,1.272,1018857,0.8879,128909.0,High,No,
G,2022-03-01,0.8328,1.677,1422674,0.8779,128909.0,High,No,
G,2022-04-01,0.812,1.69,1350953,0.868,128909.0,High,No,
G,2022-05-01,0.8142,1.605,1338297,0.8912,128909.0,High,No,
G,2022-06-01,0.8195,1.713,1388022,0.8991,128909.0,High,No,
G,2022-07-01,0.7598,3.011,1260576,0.8418,128909.0,High,No,
G,2022-08-01,0.8184,1.529,1272217,0.9039,128909.0,High,No,
G,2022-09-01,0.8342,1.557,1134166,0.893,128909.0,High,No,
G,2022-10-01,0.8522,1.383,1470002,0.9146,128909.0,High,No,
G,2022-11-01,0.8394,1.432,1515600,0.9176,128909.0,High,No,
G,2022-12-01,0.8199,1.505,1527526,0.9065,128909.0,High,No,
G,2023-01-01,0.8149,1.459,1495625,0.9228,128909.0,High,No,
G,2023-02-01,0.8186,1.551,1342381,0.9026,128909.0,High,No,
G,2023-03-01,0.8134,1.602,1717137,0.8883,128909.0,High,No,
G,2023-04-01,0.8158,1.521,1470766,0.9022,128909.0,High,No,
G,2023-05-01,0.8011,1.806,1610098,0.8777,128909.0,High,No,
G,2023-06-01,0.8077,1.571,1623244,0.8688,128909.0,High,No,
G,2023-07-01,0.8092,1.687,1471430,0.8537,128909.0,High,No,
G,2023-08-01,0.8116,1.634,1465558,0.8742,128909.0,High,No,
G,2023-09-01,0.8123,1.755,1175292,0.8524,128909.0,High,No,
G,2023-10-01,0.807,2.273,1686021,0.8784,128909.0,High,No,
G,2023-11-01,0.8062,1.876,1642893,0.8756,128909.0,High,No,
G,2023-12-01,0.7965,2.535,1531968,0.8677,128909.0,High,No,
G,2024-01-01,0.8561,1.411,1386073,0.8906,128909.0,High,No,
G,2024-02-01,0.7947,2.309,1286430,0.8828,128909.0,High,No,
G,2024-03-01,0.806,2.233,1454723,0.8575,128909.0,High,No,
G,2024-04-01,0.7997,1.83,1558807,0.8897,128909.0,High,No,
G,2024-05-01,0.814,1.764,1429087,0.8922,128909.0,High,No,
G,2024-06-01,0.8212,1.656,1382517,0.8953,128909.0,High,No,
G,2024-07-01,0.8543,0.953,537305,0.924,128909.0,High,No,
G,2024-08-01,0.8935,1.346,524517,0.9429,128909.0,High,No,
G,2024-09-01,0.8202,1.885,1228778,0.7922,128909.0,High,No,
G,2024-10-01,0.8149,1.897,1455285,0.8478,128909.0,High,No,
G,2024-11-01,0.832,1.595,1461648,0.8857,128909.0,High,No,
G,2024-12-01,0.8262,2.157,1537755,0.7963,128909.0,High,No,
G,2025-01-01,0.7909,2.539,1850924,0.7028,128909.0,High,No,
G,2025-02-01,0.8063,2.389,1589391,0.7813,128909.0,High,No,
G,2025-03-01,0.8229,2.087,1779742,0.816,128909.0,High,No,
G,2025-04-01,0.8223,2.053,1840072,0.811,128909.0,High,No,
G,2025-05-01,0.8318,1.925,1806448,0.8635,128909.0,High,No,
G,2025-06-01,0.8248,1.904,1773509,0.831,128909.0,High,No,
G,2025-07-01,0.8051,1.96,1829513,0.8757,128909.0,High,No,
G,2025-08-01,0.8143,1.769,1582767,0.89,128909.0,High,No,
G,2025-09-01,0.8262,1.869,1523433,0.9,128909.0,High,No,
G,2025-10-01,0.8048,2.441,2066788,0.892,128909.0,High,No,
G,2025-11-01,0.8136,1.853,1733649,0.8979,128909.0,High,No,
G,2025-12-01,0.8094,2.018,2021202,0.8702,128909.0,High,No,
G,2026-01-01,0.8141,2.102,1753236,0.8806,128909.0,High,No,
G,2026-02-01,0.7816,3.977,1594878,0.8007,128909.0,High,No,
G,2026-03-01,0.8123,2.487,2122909,0.868,128909.0,High,No,
JZ,2017-03-01,0.6959,3.805,2029795,0.613,91953.0,Low,No,
JZ,2017-04-01,0.7267,3.327,1941348,0.5943,91953.0,Low,No,
JZ,2017-05-01,0.7336,3.049,2249380,0.6041,91953.0,Low,No,
JZ,2017-06-01,0.7265,3.092,2125455,0.6282,91953.0,Low,No,
JZ,2017-07-01,0.8169,2.185,1676860,0.7409,91953.0,Low,No,
JZ,2017-08-01,0.8083,2.169,1925462,0.7081,91953.0,Low,No,
JZ,2017-09-01,0.7869,2.407,1610708,0.6901,91953.0,Low,No,
JZ,2017-10-01,0.7547,2.764,2098645,0.6737,91953.0,Low,No,
JZ,2017-11-01,0.7693,2.783,2049069,0.7088,91953.0,Low,No,
JZ,2017-12-01,0.7411,3.015,1844044,0.6471,91953.0,Low,No,
JZ,2018-01-01,0.72,3.397,2000030,0.5986,91953.0,Low,No,
JZ,2018-02-01,0.7507,2.828,1694383,0.5948,91953.0,Low,No,
JZ,2018-03-01,0.7632,2.83,2022685,0.7041,91953.0,Low,No,
JZ,2018-04-01,0.7683,2.774,2059037,0.6719,91953.0,Low,No,
JZ,2018-05-01,0.776,2.401,2254990,0.715,91953.0,Low,No,
JZ,2018-06-01,0.7593,2.745,1964830,0.6559,91953.0,Low,No,
JZ,2018-07-01,0.7516,2.767,2094006,0.6002,91953.0,Low,No,
JZ,2018-08-01,0.7568,2.897,2370878,0.571,91953.0,Low,No,
JZ,2018-09-01,0.7348,3.275,1907579,0.5485,91953.0,Low,No,
JZ,2018-10-01,0.7222,3.155,2641845,0.542,91953.0,Low,No,
JZ,2018-11-01,0.6893,3.697,2494049,0.5989,91953.0,Low,No,
JZ,2018-12-01,0.7234,2.976,2254598,0.5937,91953.0,Low,No,
JZ,2019-01-01,0.7513,2.735,2340769,0.6665,91953.0,Low,No,
JZ,2019-02-01,0.8213,2.664,1907176,0.6573,91953.0,Low,No,
JZ,2019-03-01,0.7851,2.298,2369953,0.7378,91953.0,Low,No,
JZ,2019-04-01,0.7713,2.699,2500187,0.7967,91953.0,Low,No,
JZ,2019-05-01,0.7857,2.424,2489738,0.7513,91953.0,Low,No,
JZ,2019-06-01,0.826,1.94,2276114,0.8272,91953.0,Low,No,
JZ,2019-07-01,0.8484,1.751,2399586,0.837,91953.0,Low,No,
JZ,2019-08-01,0.8359,1.874,2283903,0.8464,91953.0,Low,No,
JZ,2019-09-01,0.8258,2.015,2097661,0.8529,91953.0,Low,No,
JZ,2019-10-01,0.8078,2.216,2797218,0.8264,91953.0,Low,No,
JZ,2019-11-01,0.8016,2.323,2322223,0.8493,91953.0,Low,No,
JZ,2019-12-01,0.7881,2.361,2494339,0.805,91953.0,Low,No,
JZ,2020-01-01,0.7975,2.385,2579982,,91953.0,Low,No,
JZ,2020-02-01,0.8074,2.277,2016504,,91953.0,Low,No,
JZ,2020-03-01,0.8392,1.796,1162150,,91953.0,Low,No,
JZ,2020-04-01,0.7347,2.616,145536,,91953.0,Low,No,
JZ,2020-05-01,0.8491,0.432,245738,,91953.0,Low,No,
JZ,2020-06-01,0.8503,1.074,443785,,91953.0,Low,No,
JZ,2020-07-01,0.8346,1.45,535894,,91953.0,Low,No,
JZ,2020-08-01,0.8254,1.667,576006,,91953.0,Low,No,
JZ,2020-09-01,0.8288,1.498,585064,,91953.0,Low,No,
JZ,2020-10-01,0.8451,1.486,818279,,91953.0,Low,No,
JZ,2020-11-01,0.861,1.319,766048,,91953.0,Low,No,
JZ,2020-12-01,0.8225,1.656,818089,,91953.0,Low,No,
JZ,2021-01-01,0.8537,1.311,717450,,91953.0,Low,No,
JZ,2021-02-01,0.8071,2.439,689020,,91953.0,Low,No,
JZ,2021-03-01,0.8367,1.976,861244,,91953.0,Low,No,
JZ,2021-04-01,0.8385,1.505,882147,,91953.0,Low,No,
JZ,2021-05-01,0.8353,1.539,784200,,91953.0,Low,No,
JZ,2021-06-01,0.838,1.342,948522,,91953.0,Low,No,
JZ,2021-07-01,0.8161,1.749,956563,,91953.0,Low,No,
JZ,2021-08-01,0.8231,1.512,1044877,,91953.0,Low,No,
JZ,2021-09-01,0.8305,1.689,929467,,91953.0,Low,No,
JZ,2021-10-01,0.8342,1.61,1218533,,91953.0,Low,No,
JZ,2021-11-01,0.8269,2.058,1374701,,91953.0,Low,No,
JZ,2021-12-01,0.8232,1.689,1381423,,91953.0,Low,No,
JZ,2022-01-01,0.818,1.455,1410648,,91953.0,Low,No,
JZ,2022-02-01,0.818,2.111,1024709,,91953.0,Low,No,
JZ,2022-03-01,0.8347,1.737,1407513,,91953.0,Low,No,
JZ,2022-04-01,0.8452,1.524,1366401,,91953.0,Low,No,
JZ,2022-05-01,0.8111,2.184,1358084,,91953.0,Low,No,
JZ,2022-06-01,0.8079,2.686,1483236,,91953.0,Low,No,
JZ,2022-07-01,0.7618,2.777,1006895,,91953.0,Low,No,
JZ,2022-08-01,0.824,1.826,1046587,,91953.0,Low,No,
JZ,2022-09-01,0.8285,1.81,979990,,91953.0,Low,No,
JZ,2022-10-01,0.8284,1.789,1393445,,91953.0,Low,No,
JZ,2022-11-01,0.8284,1.817,1440612,,91953.0,Low,No,
JZ,2022-12-01,0.811,2.432,1441601,,91953.0,Low,No,
JZ,2023-01-01,0.8448,1.498,1414974,,91953.0,Low,No,
JZ,2023-02-01,0.8388,1.593,1264932,,91953.0,Low,No,
JZ,2023-03-01,0.8369,1.46,1652490,,91953.0,Low,No,
JZ,2023-04-01,0.8435,1.298,1417982,,91953.0,Low,No,
JZ,2023-05-01,0.8243,2.01,1561144,,91953.0,Low,No,
JZ,2023-06-01,0.8332,1.41,1521337,,91953.0,Low,No,
JZ,2023-07-01,0.8156,2.012,1369366,,91953.0,Low,No,
JZ,2023-08-01,0.8423,1.353,1427679,,91953.0,Low,No,
JZ,2023-09-01,0.8276,1.803,1194789,,91953.0,Low,No,
JZ,2023-10-01,0.7963,3.411,1579569,,91953.0,Low,No,
JZ,2023-11-01,0.8035,2.014,1501594,,91953.0,Low,No,
JZ,2023-12-01,0.8068,2.314,1441901,,91953.0,Low,No,
JZ,2024-01-01,0.8262,1.832,1389249,,91953.0,Low,No,
JZ,2024-02-01,0.8299,1.708,1156400,,91953.0,Low,No,
JZ,2024-03-01,0.8219,2.059,1434371,,91953.0,Low,No,
JZ,2024-04-01,0.8182,1.84,1560058,,91953.0,Low,No,
JZ,2024-05-01,0.8043,2.061,1470883,,91953.0,Low,No,
JZ,2024-06-01,0.8165,1.824,1375997,,91953.0,Low,No,
JZ,2024-07-01,0.836,1.518,1503164,,91953.0,Low,No,
JZ,2024-08-01,0.8286,1.681,1284552,,91953.0,Low,No,
JZ,2024-09-01,0.8204,1.766,1431550,0.8224,91953.0,Low,No,
JZ,2024-10-01,0.8208,1.866,1663526,0.8157,91953.0,Low,No,
JZ,2024-11-01,0.7855,3.647,1511028,0.8275,91953.0,Low,No,
JZ,2024-12-01,0.7903,2.157,1563652,0.8646,91953.0,Low,No,
JZ,2025-01-01,0.8262,1.651,1755126,0.8988,91953.0,Low,No,
JZ,2025-02-01,0.8192,1.656,1498258,0.9111,91953.0,Low,No,
JZ,2025-03-01,0.8074,1.983,1676291,0.8892,91953.0,Low,No,
JZ,2025-04-01,0.8284,1.4,1866173,0.9393,91953.0,Low,No,
JZ,2025-05-01,0.821,1.735,1798489,0.9162,91953.0,Low,No,
JZ,2025-06-01,0.7941,1.964,1719963,0.8954,91953.0,Low,No,
JZ,2025-07-01,0.8271,1.571,1876188,0.9039,91953.0,Low,No,
JZ,2025-08-01,0.8317,1.582,1694091,0.8844,91953.0,Low,No,
JZ,2025-09-01,0.8341,1.704,1667056,0.9264,91953.0,Low,No,
JZ,2025-10-01,0.821,1.942,2128547,0.9096,91953.0,Low,No,
JZ,2025-11-01,0.8385,1.713,1781385,0.9295,91953.0,Low,No,
JZ,2025-12-01,0.8135,1.852,2071751,0.9067,91953.0,Low,No,
JZ,2026-01-01,0.7888,2.392,1744541,0.8703,91953.0,Low,No,
JZ,2026-02-01,0.7913,2.265,1544470,0.8755,91953.0,Low,No,
JZ,2026-03-01,0.8048,2.441,1962707,0.8722,91953.0,Low,No,
L,2017-03-01,0.921,1.475,4623749,0.9263,110748.0,Medium,Yes,2012-02-01
L,2017-04-01,0.9204,1.534,4278667,0.9411,110748.0,Medium,Yes,2012-02-01
L,2017-05-01,0.929,1.176,4729402,0.9349,110748.0,Medium,Yes,2012-02-01
L,2017-06-01,0.9373,1.074,4728995,0.956,110748.0,Medium,Yes,2012-02-01
L,2017-07-01,0.9405,1.0,3664824,0.9617,110748.0,Medium,Yes,2012-02-01
L,2017-08-01,0.9293,1.204,4223640,0.9258,110748.0,Medium,Yes,2012-02-01
L,2017-09-01,0.9054,2.241,3917748,0.9285,110748.0,Medium,Yes,2012-02-01
L,2017-10-01,0.9165,1.396,5051323,0.9283,110748.0,Medium,Yes,2012-02-01
L,2017-11-01,0.9277,1.195,4982338,0.9664,110748.0,Medium,Yes,2012-02-01
L,2017-12-01,0.9037,1.737,4820676,0.9212,110748.0,Medium,Yes,2012-02-01
L,2018-01-01,0.8649,3.366,4883996,0.8492,110748.0,Medium,Yes,2012-02-01
L,2018-02-01,0.8996,1.892,4199317,0.9063,110748.0,Medium,Yes,2012-02-01
L,2018-03-01,0.8855,2.749,4963666,0.8931,110748.0,Medium,Yes,2012-02-01
L,2018-04-01,0.9274,1.273,4584302,0.9312,110748.0,Medium,Yes,2012-02-01
L,2018-05-01,0.9309,1.19,4710203,0.9202,110748.0,Medium,Yes,2012-02-01
L,2018-06-01,0.9246,1.872,5083250,0.9255,110748.0,Medium,Yes,2012-02-01
L,2018-07-01,0.907,1.668,4553163,0.8876,110748.0,Medium,Yes,2012-02-01
L,2018-08-01,0.9479,0.976,4244505,0.9111,110748.0,Medium,Yes,2012-02-01
L,2018-09-01,0.9546,0.916,3415649,0.9259,110748.0,Medium,Yes,2012-02-01
L,2018-10-01,0.904,1.733,4658061,0.9316,110748.0,Medium,Yes,2012-02-01
L,2018-11-01,0.9383,1.047,4410057,0.9496,110748.0,Medium,Yes,2012-02-01
L,2018-12-01,0.9314,1.081,4094384,0.9004,110748.0,Medium,Yes,2012-02-01
L,2019-01-01,0.9074,2.263,4419545,0.9021,110748.0,Medium,Yes,2012-02-01
L,2019-02-01,0.8799,2.052,3456315,0.8753,110748.0,Medium,Yes,2012-02-01
L,2019-03-01,0.9097,2.047,4203616,0.9075,110748.0,Medium,Yes,2012-02-01
L,2019-04-01,0.931,2.071,4282313,0.9119,110748.0,Medium,Yes,2012-02-01
L,2019-05-01,0.908,1.735,4136623,0.9285,110748.0,Medium,Yes,2012-02-01
L,2019-06-01,0.9261,1.882,3995070,0.9462,110748.0,Medium,Yes,2012-02-01
L,2019-07-01,0.9451,0.937,4148239,0.9196,110748.0,Medium,Yes,2012-02-01
L,2019-08-01,0.9192,1.727,4047789,0.9227,110748.0,Medium,Yes,2012-02-01
L,2019-09-01,0.9397,1.006,3528264,0.9153,110748.0,Medium,Yes,2012-02-01
L,2019-10-01,0.9511,0.892,4651502,0.939,110748.0,Medium,Yes,2012-02-01
L,2019-11-01,0.9446,0.949,4019550,0.9472,110748.0,Medium,Yes,2012-02-01
L,2019-12-01,0.9393,0.975,4153454,0.9577,110748.0,Medium,Yes,2012-02-01
L,2020-01-01,0.938,1.044,4472037,0.9415,110748.0,Medium,Yes,2012-02-01
L,2020-02-01,0.9102,1.58,3579573,0.9253,110748.0,Medium,Yes,2012-02-01
L,2020-03-01,0.8768,2.525,1959553,0.9286,110748.0,Medium,Yes,2012-02-01
L,2020-04-01,0.8388,0.38,145292,0.9638,110748.0,Medium,Yes,2012-02-01
L,2020-05-01,0.836,0.211,267786,0.9729,110748.0,Medium,Yes,2012-02-01
L,2020-06-01,0.8727,-0.123,569434,0.9599,110748.0,Medium,Yes,2012-02-01
L,2020-07-01,0.9623,0.485,728211,0.9515,110748.0,Medium,Yes,2012-02-01
L,2020-08-01,0.9705,0.315,804067,0.9564,110748.0,Medium,Yes,2012-02-01
L,2020-09-01,0.9633,0.453,893592,0.9266,110748.0,Medium,Yes,2012-02-01
L,2020-10-01,0.9606,0.492,1267171,0.9547,110748.0,Medium,Yes,2012-02-01
L,2020-11-01,0.9606,0.447,1229446,0.955,110748.0,Medium,Yes,2012-02-01
L,2020-12-01,0.9626,0.416,1305194,0.9294,110748.0,Medium,Yes,2012-02-01
L,2021-01-01,0.9601,0.481,1095331,0.9546,110748.0,Medium,Yes,2012-02-01
L,2021-02-01,0.9262,1.078,1045737,0.8777,110748.0,Medium,Yes,2012-02-01
L,2021-03-01,0.959,0.48,1326500,0.9467,110748.0,Medium,Yes,2012-02-01
L,2021-04-01,0.9637,0.439,1396828,0.9529,110748.0,Medium,Yes,2012-02-01
L,2021-05-01,0.9632,0.485,1299818,0.9529,110748.0,Medium,Yes,2012-02-01
L,2021-06-01,0.9554,0.617,1679383,0.9373,110748.0,Medium,Yes,2012-02-01
L,2021-07-01,0.9652,0.492,1629728,0.9375,110748.0,Medium,Yes,2012-02-01
L,2021-08-01,0.9559,0.582,1862795,0.9174,110748.0,Medium,Yes,2012-02-01
L,2021-09-01,0.9531,0.668,1640350,0.9175,110748.0,Medium,Yes,2012-02-01
L,2021-10-01,0.9533,0.666,2166396,0.924,110748.0,Medium,Yes,2012-02-01
L,2021-11-01,0.9539,0.759,2496377,0.9209,110748.0,Medium,Yes,2012-02-01
L,2021-12-01,0.941,0.815,2556693,0.8806,110748.0,Medium,Yes,2012-02-01
L,2022-01-01,0.9215,0.64,2597538,0.8726,110748.0,Medium,Yes,2012-02-01
L,2022-02-01,0.9091,1.551,1829781,0.8793,110748.0,Medium,Yes,2012-02-01
L,2022-03-01,0.9414,0.985,2572580,0.9046,110748.0,Medium,Yes,2012-02-01
L,2022-04-01,0.9377,0.991,2471505,0.922,110748.0,Medium,Yes,2012-02-01
L,2022-05-01,0.9431,1.116,2482181,0.8915,110748.0,Medium,Yes,2012-02-01
L,2022-06-01,0.9463,0.839,2386520,0.9063,110748.0,Medium,Yes,2012-02-01
L,2022-07-01,0.9435,0.986,2294062,0.9072,110748.0,Medium,Yes,2012-02-01
L,2022-08-01,0.9476,0.82,2603648,0.9091,110748.0,Medium,Yes,2012-02-01
L,2022-09-01,0.9441,0.932,2350805,0.921,110748.0,Medium,Yes,2012-02-01
L,2022-10-01,0.9464,0.875,2918935,0.9372,110748.0,Medium,Yes,2012-02-01
L,2022-11-01,0.9421,0.955,2970494,0.9302,110748.0,Medium,Yes,2012-02-01
L,2022-12-01,0.924,1.585,2996741,0.909,110748.0,Medium,Yes,2012-02-01
L,2023-01-01,0.9099,2.592,2956884,0.9215,110748.0,Medium,Yes,2012-02-01
L,2023-02-01,0.9393,1.192,2598868,0.9548,110748.0,Medium,Yes,2012-02-01
L,2023-03-01,0.9127,1.867,3329442,0.9091,110748.0,Medium,Yes,2012-02-01
L,2023-04-01,0.9458,1.095,2922556,0.9522,110748.0,Medium,Yes,2012-02-01
L,2023-05-01,0.9501,1.086,3203913,0.9428,110748.0,Medium,Yes,2012-02-01
L,2023-06-01,0.9201,1.672,3295949,0.9184,110748.0,Medium,Yes,2012-02-01
L,2023-07-01,0.9432,1.249,2978208,0.931,110748.0,Medium,Yes,2012-02-01
L,2023-08-01,0.943,1.145,3086632,0.9142,110748.0,Medium,Yes,2012-02-01
L,2023-09-01,0.945,1.149,2463453,0.9263,110748.0,Medium,Yes,2012-02-01
L,2023-10-01,0.9396,1.248,3374639,0.9452,110748.0,Medium,Yes,2012-02-01
L,2023-11-01,0.9304,1.29,3251472,0.9276,110748.0,Medium,Yes,2012-02-01
L,2023-12-01,0.9217,1.759,3051682,0.9135,110748.0,Medium,Yes,2012-02-01
L,2024-01-01,0.9147,1.576,2617952,0.9085,110748.0,Medium,Yes,2012-02-01
L,2024-02-01,0.9196,1.345,2290134,0.9202,110748.0,Medium,Yes,2012-02-01
L,2024-03-01,0.9333,1.24,2680999,0.9362,110748.0,Medium,Yes,2012-02-01
L,2024-04-01,0.9161,1.887,2865513,0.8951,110748.0,Medium,Yes,2012-02-01
L,2024-05-01,0.9204,1.4,2679121,0.9195,110748.0,Medium,Yes,2012-02-01
L,2024-06-01,0.9377,1.192,2666256,0.9364,110748.0,Medium,Yes,2012-02-01
L,2024-07-01,0.8936,2.107,2871656,0.8865,110748.0,Medium,Yes,2012-02-01
L,2024-08-01,0.9115,2.178,2481119,0.9208,110748.0,Medium,Yes,2012-02-01
L,2024-09-01,0.9092,2.21,2646484,0.9266,110748.0,Medium,Yes,2012-02-01
L,2024-10-01,0.9324,1.252,3067646,0.9428,110748.0,Medium,Yes,2012-02-01
L,2024-11-01,0.9344,1.227,2873707,0.93,110748.0,Medium,Yes,2012-02-01
L,2024-12-01,0.9057,1.57,2952364,0.9048,110748.0,Medium,Yes,2012-02-01
L,2025-01-01,0.9064,1.666,3890777,0.9154,110748.0,Medium,Yes,2012-02-01
L,2025-02-01,0.8825,2.688,3217659,0.9084,110748.0,Medium,Yes,2012-02-01
L,2025-03-01,0.9331,1.26,3490511,0.9408,110748.0,Medium,Yes,2012-02-01
L,2025-04-01,0.8853,2.606,3889332,0.8827,110748.0,Medium,Yes,2012-02-01
L,2025-05-01,0.8863,2.27,3668403,0.9077,110748.0,Medium,Yes,2012-02-01
L,2025-06-01,0.9063,1.6,3455000,0.8878,110748.0,Medium,Yes,2012-02-01
L,2025-07-01,0.9142,2.141,4061440,0.8959,110748.0,Medium,Yes,2012-02-01
L,2025-08-01,0.928,1.724,3643302,0.9273,110748.0,Medium,Yes,2012-02-01
L,2025-09-01,0.9319,1.382,3525327,0.9294,110748.0,Medium,Yes,2012-02-01
L,2025-10-01,0.8899,2.458,4472021,0.891,110748.0,Medium,Yes,2012-02-01
L,2025-11-01,0.9361,1.424,3748583,0.9124,110748.0,Medium,Yes,2012-02-01
L,2025-12-01,0.9264,1.407,4369486,0.8762,110748.0,Medium,Yes,2012-02-01
L,2026-01-01,0.8669,2.757,3842325,0.8508,110748.0,Medium,Yes,2012-02-01
L,2026-02-01,0.8918,2.039,3349379,0.8694,110748.0,Medium,Yes,2012-02-01
L,2026-03-01,0.8887,3.466,4282023,0.8769,110748.0,Medium,Yes,2012-02-01
M,2017-03-01,0.7561,3.165,3384688,0.6321,104426.0,Low,No,
M,2017-04-01,0.7503,3.776,3024201,0.6191,104426.0,Low,No,
M,2017-05-01,0.7574,3.391,3506374,0.6457,104426.0,Low,No,
M,2017-06-01,0.7519,3.946,3473638,0.6571,104426.0,Low,No,
M,2017-07-01,0.7834,2.566,2475966,0.756,104426.0,Low,No,
M,2017-08-01,0.7725,2.902,2973972,0.7397,104426.0,Low,No,
M,2017-09-01,0.7835,2.636,2363941,0.7459,104426.0,Low,No,
M,2017-10-01,0.7735,3.412,3078535,0.7309,104426.0,Low,No,
M,2017-11-01,0.8079,2.55,3026424,0.7596,104426.0,Low,No,
M,2017-12-01,0.7701,3.466,2301687,0.7604,104426.0,Low,No,
M,2018-01-01,0.7854,2.689,3059051,0.7036,104426.0,Low,No,
M,2018-02-01,0.7828,2.667,2621284,0.724,104426.0,Low,No,
M,2018-03-01,0.8271,2.112,3066585,0.7749,104426.0,Low,No,
M,2018-04-01,0.7978,2.647,2909540,0.7648,104426.0,Low,No,
M,2018-05-01,0.8064,2.488,2893465,0.643,104426.0,Low,No,
M,2018-06-01,0.8254,1.919,3031509,0.6355,104426.0,Low,No,
M,2018-07-01,0.8135,2.219,2798608,0.583,104426.0,Low,No,
M,2018-08-01,0.8107,2.389,3151495,0.6182,104426.0,Low,No,
M,2018-09-01,0.802,2.804,2600750,0.661,104426.0,Low,No,
M,2018-10-01,0.8012,2.691,3438437,0.6627,104426.0,Low,No,
M,2018-11-01,0.7613,3.259,3370848,0.5645,104426.0,Low,No,
M,2018-12-01,0.7623,2.985,2752724,0.665,104426.0,Low,No,
M,2019-01-01,0.8005,2.636,3439564,0.7003,104426.0,Low,No,
M,2019-02-01,0.8028,2.657,2942181,0.684,104426.0,Low,No,
M,2019-03-01,0.8133,2.287,3371606,0.7048,104426.0,Low,No,
M,2019-04-01,0.8344,2.064,3544503,0.771,104426.0,Low,No,
M,2019-05-01,0.8243,2.205,3485195,0.7505,104426.0,Low,No,
M,2019-06-01,0.832,2.155,3319564,0.8013,104426.0,Low,No,
M,2019-07-01,0.8464,1.934,3520469,0.775,104426.0,Low,No,
M,2019-08-01,0.8357,2.181,3444938,0.7161,104426.0,Low,No,
M,2019-09-01,0.8359,1.889,3074824,0.8119,104426.0,Low,No,
M,2019-10-01,0.8258,1.988,4035090,0.8094,104426.0,Low,No,
M,2019-11-01,0.8183,2.049,3517053,0.8329,104426.0,Low,No,
M,2019-12-01,0.8154,2.054,3681185,0.8288,104426.0,Low,No,
M,2020-01-01,0.8038,2.578,3803468,0.8291,104426.0,Low,No,
M,2020-02-01,0.8097,2.21,2952405,0.8618,104426.0,Low,No,
M,2020-03-01,0.8301,1.978,1656055,0.8703,104426.0,Low,No,
M,2020-04-01,0.7707,2.412,110591,0.7452,104426.0,Low,No,
M,2020-05-01,0.8551,0.281,192076,0.9813,104426.0,Low,No,
M,2020-06-01,0.8389,1.138,492544,0.9549,104426.0,Low,No,
M,2020-07-01,0.8287,1.329,644827,0.9324,104426.0,Low,No,
M,2020-08-01,0.8375,1.193,761812,0.9462,104426.0,Low,No,
M,2020-09-01,0.84,1.087,775206,0.9515,104426.0,Low,No,
M,2020-10-01,0.8346,1.504,1081820,0.9508,104426.0,Low,No,
M,2020-11-01,0.8437,1.079,1017678,0.9481,104426.0,Low,No,
M,2020-12-01,0.8478,1.087,926632,0.9477,104426.0,Low,No,
M,2021-01-01,0.8195,1.717,960004,0.8923,104426.0,Low,No,
M,2021-02-01,0.8278,1.979,887471,0.8962,104426.0,Low,No,
M,2021-03-01,0.8384,1.425,1129060,0.931,104426.0,Low,No,
M,2021-04-01,0.8219,1.428,1151827,0.9323,104426.0,Low,No,
M,2021-05-01,0.8212,1.597,1026353,0.9079,104426.0,Low,No,
M,2021-06-01,0.7763,2.826,1274371,0.8446,104426.0,Low,No,
M,2021-07-01,0.8002,2.039,1232689,0.8424,104426.0,Low,No,
M,2021-08-01,0.7854,2.119,1396427,0.8399,104426.0,Low,No,
M,2021-09-01,0.7816,2.473,1241568,0.8325,104426.0,Low,No,
M,2021-10-01,0.7923,2.196,1628747,0.8337,104426.0,Low,No,
M,2021-11-01,0.8007,2.166,1864408,0.8343,104426.0,Low,No,
M,2021-12-01,0.7931,2.047,1891879,0.8044,104426.0,Low,No,
M,2022-01-01,0.8236,1.263,1880759,0.8315,104426.0,Low,No,
M,2022-02-01,0.8115,1.7,1316743,0.8284,104426.0,Low,No,
M,2022-03-01,0.7991,2.288,1975602,0.8357,104426.0,Low,No,
M,2022-04-01,0.7951,2.263,1955465,0.8382,104426.0,Low,No,
M,2022-05-01,0.7959,2.331,1956386,0.8587,104426.0,Low,No,
M,2022-06-01,0.7764,2.777,2021588,0.7617,104426.0,Low,No,
M,2022-07-01,0.766,2.42,1895697,0.805,104426.0,Low,No,
M,2022-08-01,0.7794,2.388,2050572,0.8145,104426.0,Low,No,
M,2022-09-01,0.781,2.429,1799728,0.8311,104426.0,Low,No,
M,2022-10-01,0.787,2.47,2203044,0.8446,104426.0,Low,No,
M,2022-11-01,0.7779,2.567,2230907,0.8363,104426.0,Low,No,
M,2022-12-01,0.7854,2.414,1882810,0.8494,104426.0,Low,No,
M,2023-01-01,0.8102,1.922,2203489,0.8777,104426.0,Low,No,
M,2023-02-01,0.8135,1.734,1596652,0.8972,104426.0,Low,No,
M,2023-03-01,0.7787,2.791,2488710,0.8384,104426.0,Low,No,
M,2023-04-01,0.8173,1.81,2127361,0.8961,104426.0,Low,No,
M,2023-05-01,0.8032,1.948,2366368,0.8287,104426.0,Low,No,
M,2023-06-01,0.7964,2.134,2414813,0.8279,104426.0,Low,No,
M,2023-07-01,0.7982,1.993,2164807,0.8793,104426.0,Low,No,
M,2023-08-01,0.8168,1.617,2033247,0.8961,104426.0,Low,No,
M,2023-09-01,0.8456,1.129,881639,0.9115,104426.0,Low,No,
M,2023-10-01,0.8424,2.036,1181472,0.9339,104426.0,Low,No,
M,2023-11-01,0.8544,0.809,1142850,0.9342,104426.0,Low,No,
M,2023-12-01,0.7967,1.857,1087982,0.8985,104426.0,Low,No,
M,2024-01-01,0.8386,1.55,1035577,0.9262,104426.0,Low,No,
M,2024-02-01,0.8187,1.745,753468,0.9401,104426.0,Low,No,
M,2024-03-01,0.8439,1.535,1030314,0.9462,104426.0,Low,No,
M,2024-04-01,0.8491,1.128,1900532,0.8047,104426.0,Low,No,
M,2024-05-01,0.7976,2.168,1967010,0.8411,104426.0,Low,No,
M,2024-06-01,0.8006,2.201,1891357,0.8493,104426.0,Low,No,
M,2024-07-01,0.7966,2.062,1984027,0.8201,104426.0,Low,No,
M,2024-08-01,0.8051,1.904,1733388,0.838,104426.0,Low,No,
M,2024-09-01,0.7801,2.585,1872611,0.8352,104426.0,Low,No,
M,2024-10-01,0.8155,1.655,2180939,0.857,104426.0,Low,No,
M,2024-11-01,0.7912,2.865,2044398,0.8737,104426.0,Low,No,
M,2024-12-01,0.7961,1.997,2132370,0.8865,104426.0,Low,No,
M,2025-01-01,0.8021,1.862,2687172,0.9218,104426.0,Low,No,
M,2025-02-01,0.7876,2.095,2285416,0.8635,104426.0,Low,No,
M,2025-03-01,0.8138,1.818,2523167,0.8682,104426.0,Low,No,
M,2025-04-01,0.816,2.01,2885884,0.869,104426.0,Low,No,
M,2025-05-01,0.8098,1.939,2762656,0.8757,104426.0,Low,No,
M,2025-06-01,0.8283,1.729,2568547,0.8504,104426.0,Low,No,
M,2025-07-01,0.7804,3.229,2759331,0.8114,104426.0,Low,No,
M,2025-08-01,0.8127,2.069,2554358,0.8772,104426.0,Low,No,
M,2025-09-01,0.8257,1.778,2470483,0.9067,104426.0,Low,No,
M,2025-10-01,0.8041,2.215,3087617,0.8609,104426.0,Low,No,
M,2025-11-01,0.8297,1.827,2594415,0.9116,104426.0,Low,No,
M,2025-12-01,0.8261,1.765,3295157,0.8647,104426.0,Low,No,
M,2026-01-01,0.8066,2.114,2796707,0.8631,104426.0,Low,No,
M,2026-02-01,0.7744,2.761,2380286,0.8295,104426.0,Low,No,
M,2026-03-01,0.7979,2.687,3011188,0.8468,104426.0,Low,No,
N,2017-03-01,0.7802,2.841,3591898,0.5362,129348.0,High,No,
N,2017-04-01,0.7894,2.75,3210991,0.5109,129348.0,High,No,
N,2017-05-01,0.7797,3.249,3694527,0.5092,129348.0,High,No,
N,2017-06-01,0.7985,2.518,3643333,0.4633,129348.0,High,No,
N,2017-07-01,0.8205,2.199,3229609,0.5596,129348.0,High,No,
N,2017-08-01,0.8145,2.65,3488524,0.5131,129348.0,High,No,
N,2017-09-01,0.7935,2.659,3002516,0.5394,129348.0,High,No,
N,2017-10-01,0.8062,2.452,3685823,0.6275,129348.0,High,No,
N,2017-11-01,0.8192,2.097,3411110,0.651,129348.0,High,No,
N,2017-12-01,0.8102,2.111,3275429,0.6378,129348.0,High,No,
N,2018-01-01,0.7655,3.197,3594882,0.5473,129348.0,High,No,
N,2018-02-01,0.7756,3.221,3061116,0.5637,129348.0,High,No,
N,2018-03-01,0.8066,2.325,3555568,0.591,129348.0,High,No,
N,2018-04-01,0.8262,2.09,3633798,0.662,129348.0,High,No,
N,2018-05-01,0.8098,2.357,3931781,0.5923,129348.0,High,No,
N,2018-06-01,0.8184,2.104,3663760,0.5253,129348.0,High,No,
N,2018-07-01,0.8404,1.753,3511108,0.5826,129348.0,High,No,
N,2018-08-01,0.7649,2.899,3961013,0.535,129348.0,High,No,
N,2018-09-01,0.7683,2.71,3178901,0.5474,129348.0,High,No,
N,2018-10-01,0.7735,2.797,4145751,0.5766,129348.0,High,No,
N,2018-11-01,0.769,3.059,3916248,0.6078,129348.0,High,No,
N,2018-12-01,0.7889,2.617,3654792,0.6266,129348.0,High,No,
N,2019-01-01,0.8285,2.109,4032125,0.6713,129348.0,High,No,
N,2019-02-01,0.7975,2.516,3035156,0.6717,129348.0,High,No,
N,2019-03-01,0.8296,2.075,3442355,0.7215,129348.0,High,No,
N,2019-04-01,0.8092,2.54,3895530,0.6914,129348.0,High,No,
N,2019-05-01,0.8324,2.032,3934552,0.7276,129348.0,High,No,
N,2019-06-01,0.828,2.156,3597187,0.7668,129348.0,High,No,
N,2019-07-01,0.8307,2.18,3767888,0.7513,129348.0,High,No,
N,2019-08-01,0.8662,1.458,3520396,0.8319,129348.0,High,No,
N,2019-09-01,0.8662,1.525,3183366,0.811,129348.0,High,No,
N,2019-10-01,0.8474,1.745,3899180,0.7767,129348.0,High,No,
N,2019-11-01,0.8481,1.684,3413826,0.7269,129348.0,High,No,
N,2019-12-01,0.8351,1.974,3595732,0.7109,129348.0,High,No,
N,2020-01-01,0.8151,2.42,4061749,0.6796,129348.0,High,No,
N,2020-02-01,0.8067,2.624,3237606,0.6326,129348.0,High,No,
N,2020-03-01,0.8117,2.452,1749629,0.7086,129348.0,High,No,
N,2020-04-01,0.7548,1.676,154539,0.6591,129348.0,High,No,
N,2020-05-01,0.843,0.202,282884,0.8532,129348.0,High,No,
N,2020-06-01,0.8248,1.454,639500,0.8099,129348.0,High,No,
N,2020-07-01,0.7962,2.293,801560,0.7614,129348.0,High,No,
N,2020-08-01,0.8189,2.069,955466,0.8029,129348.0,High,No,
N,2020-09-01,0.8183,1.806,940808,0.7869,129348.0,High,No,
N,2020-10-01,0.8317,1.688,1278179,0.8168,129348.0,High,No,
N,2020-11-01,0.7937,2.173,1252791,0.7981,129348.0,High,No,
N,2020-12-01,0.8015,2.114,1355100,0.7901,129348.0,High,No,
N,2021-01-01,0.8341,1.615,1158376,0.8406,129348.0,High,No,
N,2021-02-01,0.7817,3.462,1093843,0.763,129348.0,High,No,
N,2021-03-01,0.8282,1.67,1395167,0.8451,129348.0,High,No,
N,2021-04-01,0.8283,1.565,1401549,0.8741,129348.0,High,No,
N,2021-05-01,0.8108,2.362,1247733,0.8222,129348.0,High,No,
N,2021-06-01,0.795,2.174,1581280,0.7689,129348.0,High,No,
N,2021-07-01,0.7995,2.025,1532811,0.7566,129348.0,High,No,
N,2021-08-01,0.7856,2.356,1750936,0.7409,129348.0,High,No,
N,2021-09-01,0.7934,2.209,1577821,0.7126,129348.0,High,No,
N,2021-10-01,0.8113,1.907,1958646,0.7614,129348.0,High,No,
N,2021-11-01,0.7938,2.129,2232005,0.7532,129348.0,High,No,
N,2021-12-01,0.8014,2.109,2289577,0.7163,129348.0,High,No,
N,2022-01-01,0.7882,2.604,2758901,0.7029,129348.0,High,No,
N,2022-02-01,0.8034,2.194,1722646,0.7586,129348.0,High,No,
N,2022-03-01,0.8008,2.209,2395713,0.7228,129348.0,High,No,
N,2022-04-01,0.8036,2.514,2261557,0.7579,129348.0,High,No,
N,2022-05-01,0.7982,2.237,2284534,0.7422,129348.0,High,No,
N,2022-06-01,0.8256,1.771,2381544,0.7646,129348.0,High,No,
N,2022-07-01,0.8433,1.499,2173861,0.7388,129348.0,High,No,
N,2022-08-01,0.842,1.657,2361098,0.7489,129348.0,High,No,
N,2022-09-01,0.8341,1.801,2109333,0.7171,129348.0,High,No,
N,2022-10-01,0.8404,1.757,2589223,0.7386,129348.0,High,No,
N,2022-11-01,0.827,2.006,2541592,0.7186,129348.0,High,No,
N,2022-12-01,0.8265,2.043,2593600,0.7465,129348.0,High,No,
N,2023-01-01,0.8568,1.516,2579893,0.8089,129348.0,High,No,
N,2023-02-01,0.8298,2.324,2253992,0.7407,129348.0,High,No,
N,2023-03-01,0.8254,2.039,2892281,0.7563,129348.0,High,No,
N,2023-04-01,0.8442,1.71,2442211,0.7432,129348.0,High,No,
N,2023-05-01,0.8208,2.146,2795737,0.6916,129348.0,High,No,
N,2023-06-01,0.8341,1.777,2841828,0.6903,129348.0,High,No,
N,2023-07-01,0.8102,2.24,2529164,0.7229,129348.0,High,No,
N,2023-08-01,0.8185,2.401,2702291,0.7341,129348.0,High,No,
N,2023-09-01,0.8041,2.316,2127136,0.6608,129348.0,High,No,
N,2023-10-01,0.8236,1.847,2963634,0.7618,129348.0,High,No,
N,2023-11-01,0.8166,1.952,2852749,0.7479,129348.0,High,No,
N,2023-12-01,0.7958,2.268,2719477,0.6752,129348.0,High,No,
N,2024-01-01,0.8165,2.226,2679017,0.6826,129348.0,High,No,
N,2024-02-01,0.8176,2.333,2319955,0.6969,129348.0,High,No,
N,2024-03-01,0.8427,1.696,2759568,0.7528,129348.0,High,No,
N,2024-04-01,0.846,1.622,2946997,0.7784,129348.0,High,No,
N,2024-05-01,0.8265,2.203,2817874,0.7123,129348.0,High,No,
N,2024-06-01,0.8565,1.502,2669717,0.7798,129348.0,High,No,
N,2024-07-01,0.8458,1.723,2885069,0.773,129348.0,High,No,
N,2024-08-01,0.8517,1.527,2595182,0.742,129348.0,High,No,
N,2024-09-01,0.8276,1.845,2681832,0.7553,129348.0,High,No,
N,2024-10-01,0.8031,2.209,3102566,0.7593,129348.0,High,No,
N,2024-11-01,0.8018,2.269,2852914,0.7968,129348.0,High,No,
N,2024-12-01,0.8048,2.365,2978124,0.7593,129348.0,High,No,
N,2025-01-01,0.8277,2.215,3446661,0.7701,129348.0,High,No,
N,2025-02-01,0.8377,1.771,2796109,0.7712,129348.0,High,No,
N,2025-03-01,0.8445,1.689,3066351,0.8108,129348.0,High,No,
N,2025-04-01,0.8489,1.589,3375112,0.7921,129348.0,High,No,
N,2025-05-01,0.8524,1.584,3275031,0.8047,129348.0,High,No,
N,2025-06-01,0.8535,1.387,3142912,0.756,129348.0,High,No,
N,2025-07-01,0.8109,2.286,3450357,0.7423,129348.0,High,No,
N,2025-08-01,0.8416,2.014,3156032,0.7531,129348.0,High,No,
N,2025-09-01,0.8247,2.682,3044305,0.7539,129348.0,High,No,
N,2025-10-01,0.812,2.118,3753725,0.727,129348.0,High,No,
N,2025-11-01,0.8298,1.894,3152972,0.7582,129348.0,High,No,
N,2025-12-01,0.8225,2.077,3671311,0.7269,129348.0,High,No,
N,2026-01-01,0.7996,2.523,3156271,0.7026,129348.0,High,No,
N,2026-02-01,0.7702,3.179,2753852,0.6798,129348.0,High,No,
N,2026-03-01,0.8124,2.148,3576652,0.741,129348.0,High,No,
Q,2017-03-01,0.7985,2.723,4707752,0.6643,124814.0,High,No,
Q,2017-04-01,0.8145,2.289,4186442,0.6877,124814.0,High,No,
Q,2017-05-01,0.7851,3.076,5053125,0.6359,124814.0,High,No,
Q,2017-06-01,0.7941,2.346,4933298,0.615,124814.0,High,No,
Q,2017-07-01,0.7927,2.428,4377367,0.6084,124814.0,High,No,
Q,2017-08-01,0.7924,2.668,5098484,0.6621,124814.0,High,No,
Q,2017-09-01,0.7823,2.557,4089857,0.6634,124814.0,High,No,
Q,2017-10-01,0.7654,2.795,5343376,0.7094,124814.0,High,No,
Q,2017-11-01,0.7938,2.112,5171696,0.646,124814.0,High,No,
Q,2017-12-01,0.7922,2.401,4609055,0.6639,124814.0,High,No,
Q,2018-01-01,0.7244,3.807,5120442,0.5888,124814.0,High,No,
Q,2018-02-01,0.7817,2.78,4439971,0.6435,124814.0,High,No,
Q,2018-03-01,0.7919,2.353,5219073,0.6968,124814.0,High,No,
Q,2018-04-01,0.8022,2.377,5176215,0.7227,124814.0,High,No,
Q,2018-05-01,0.7823,2.494,5655207,0.6068,124814.0,High,No,
Q,2018-06-01,0.7864,2.469,5361745,0.661,124814.0,High,No,
Q,2018-07-01,0.8231,1.906,5360157,0.7265,124814.0,High,No,
Q,2018-08-01,0.783,2.868,5702422,0.6747,124814.0,High,No,
Q,2018-09-01,0.7889,2.54,4448814,0.6409,124814.0,High,No,
Q,2018-10-01,0.7668,3.011,5893942,0.6932,124814.0,High,No,
Q,2018-11-01,0.75,2.866,5574576,0.6981,124814.0,High,No,
Q,2018-12-01,0.7719,2.626,5210861,0.7846,124814.0,High,No,
Q,2019-01-01,0.8345,1.788,5586979,0.8267,124814.0,High,No,
Q,2019-02-01,0.7992,2.605,4562282,0.7781,124814.0,High,No,
Q,2019-03-01,0.8312,1.833,5305648,0.8179,124814.0,High,No,
Q,2019-04-01,0.8131,2.194,5488356,0.8286,124814.0,High,No,
Q,2019-05-01,0.8247,1.856,5522865,0.8631,124814.0,High,No,
Q,2019-06-01,0.8214,1.847,5079288,0.8795,124814.0,High,No,
Q,2019-07-01,0.8069,2.083,5330146,0.8279,124814.0,High,No,
Q,2019-08-01,0.8328,1.61,5198112,0.884,124814.0,High,No,
Q,2019-09-01,0.8252,1.83,4563159,0.8642,124814.0,High,No,
Q,2019-10-01,0.7848,2.354,5991826,0.8248,124814.0,High,No,
Q,2019-11-01,0.7636,3.156,5193926,0.8531,124814.0,High,No,
Q,2019-12-01,0.8006,2.177,5374766,0.804,124814.0,High,No,
Q,2020-01-01,0.8149,2.027,5626049,0.8343,124814.0,High,No,
Q,2020-02-01,0.8061,2.262,4534459,0.8281,124814.0,High,No,
Q,2020-03-01,0.8095,2.115,2478290,0.8483,124814.0,High,No,
Q,2020-04-01,0.8099,0.385,245804,0.8346,124814.0,High,No,
Q,2020-05-01,0.8957,-0.229,407817,0.9492,124814.0,High,No,
Q,2020-06-01,0.8262,1.386,742504,0.9081,124814.0,High,No,
Q,2020-07-01,0.8013,1.867,920954,0.858,124814.0,High,No,
Q,2020-08-01,0.8117,2.482,1094193,0.8678,124814.0,High,No,
Q,2020-09-01,0.8207,1.557,1142658,0.897,124814.0,High,No,
Q,2020-10-01,0.8441,1.071,1623318,0.9111,124814.0,High,No,
Q,2020-11-01,0.8209,1.406,1504315,0.8827,124814.0,High,No,
Q,2020-12-01,0.7998,1.862,1646755,0.831,124814.0,High,No,
Q,2021-01-01,0.8275,1.497,1375155,0.8656,124814.0,High,No,
Q,2021-02-01,0.7668,3.62,1300701,0.7807,124814.0,High,No,
Q,2021-03-01,0.8229,1.594,1659806,0.8659,124814.0,High,No,
Q,2021-04-01,0.8256,1.515,1677288,0.88,124814.0,High,No,
Q,2021-05-01,0.7861,2.41,1537763,0.7906,124814.0,High,No,
Q,2021-06-01,0.7827,2.211,1985110,0.7378,124814.0,High,No,
Q,2021-07-01,0.7949,2.041,1929082,0.7695,124814.0,High,No,
Q,2021-08-01,0.7709,2.369,2197073,0.7173,124814.0,High,No,
Q,2021-09-01,0.7782,2.29,1925166,0.7265,124814.0,High,No,
Q,2021-10-01,0.7786,2.096,2487184,0.7627,124814.0,High,No,
Q,2021-11-01,0.7715,2.191,2824295,0.7587,124814.0,High,No,
Q,2021-12-01,0.7693,2.267,2895267,0.7346,124814.0,High,No,
Q,2022-01-01,0.7946,2.114,3182559,0.716,124814.0,High,No,
Q,2022-02-01,0.8039,2.075,2136591,0.7345,124814.0,High,No,
Q,2022-03-01,0.7995,2.086,2982591,0.7395,124814.0,High,No,
Q,2022-04-01,0.7892,2.394,2891601,0.7744,124814.0,High,No,
Q,2022-05-01,0.7878,2.323,2870642,0.7686,124814.0,High,No,
Q,2022-06-01,0.8137,1.923,2915456,0.7612,124814.0,High,No,
Q,2022-07-01,0.8079,1.99,2759810,0.7359,124814.0,High,No,
Q,2022-08-01,0.8049,1.949,2974854,0.7546,124814.0,High,No,
Q,2022-09-01,0.7957,2.234,2626768,0.7418,124814.0,High,No,
Q,2022-10-01,0.7938,2.32,3311719,0.6464,124814.0,High,No,
Q,2022-11-01,0.7683,2.616,3308799,0.7025,124814.0,High,No,
Q,2022-12-01,0.783,2.405,3337769,0.7684,124814.0,High,No,
Q,2023-01-01,0.8195,1.813,3276771,0.8143,124814.0,High,No,
Q,2023-02-01,0.7914,2.634,2908817,0.7993,124814.0,High,No,
Q,2023-03-01,0.7961,2.074,3709333,0.7894,124814.0,High,No,
Q,2023-04-01,0.8174,1.87,3174168,0.8258,124814.0,High,No,
Q,2023-05-01,0.8058,1.939,3568128,0.7794,124814.0,High,No,
Q,2023-06-01,0.813,1.799,3619460,0.7598,124814.0,High,No,
Q,2023-07-01,0.7975,2.165,3343021,0.7412,124814.0,High,No,
Q,2023-08-01,0.7954,2.057,3443658,0.7724,124814.0,High,No,
Q,2023-09-01,0.7853,2.211,2846546,0.7903,124814.0,High,No,
Q,2023-10-01,0.8084,1.875,3754568,0.824,124814.0,High,No,
Q,2023-11-01,0.7917,2.149,3556407,0.7859,124814.0,High,No,
Q,2023-12-01,0.7877,2.097,3383215,0.7974,124814.0,High,No,
Q,2024-01-01,0.775,2.582,3219529,0.7365,124814.0,High,No,
Q,2024-02-01,0.7993,2.092,2762358,0.772,124814.0,High,No,
Q,2024-03-01,0.794,2.291,3320362,0.7879,124814.0,High,No,
Q,2024-04-01,0.8183,1.833,3516605,0.8055,124814.0,High,No,
Q,2024-05-01,0.799,2.244,3356211,0.8406,124814.0,High,No,
Q,2024-06-01,0.8101,1.978,3217009,0.7946,124814.0,High,No,
Q,2024-07-01,0.7953,2.251,3460815,0.8098,124814.0,High,No,
Q,2024-08-01,0.8236,1.858,3069828,0.8022,124814.0,High,No,
Q,2024-09-01,0.8042,2.168,3286226,0.7646,124814.0,High,No,
Q,2024-10-01,0.7883,2.234,3838658,0.8058,124814.0,High,No,
Q,2024-11-01,0.8129,1.803,3460366,0.8622,124814.0,High,No,
Q,2024-12-01,0.7698,2.694,3641934,0.7443,124814.0,High,No,
Q,2025-01-01,0.7916,2.398,4237533,0.8272,124814.0,High,No,
Q,2025-02-01,0.8132,1.981,3381437,0.8377,124814.0,High,No,
Q,2025-03-01,0.8021,2.247,3749018,0.845,124814.0,High,No,
Q,2025-04-01,0.816,1.836,4096435,0.8587,124814.0,High,No,
Q,2025-05-01,0.8102,2.071,3995259,0.7999,124814.0,High,No,
Q,2025-06-01,0.8117,2.0,3647250,0.8046,124814.0,High,No,
Q,2025-07-01,0.77,2.938,4193381,0.797,124814.0,High,No,
Q,2025-08-01,0.8072,2.25,3795422,0.8022,124814.0,High,No,
Q,2025-09-01,0.7982,2.322,3617400,0.7967,124814.0,High,No,
Q,2025-10-01,0.7763,2.846,4537679,0.7728,124814.0,High,No,
Q,2025-11-01,0.786,2.355,3773134,0.8066,124814.0,High,No,
Q,2025-12-01,0.8011,2.285,4388807,0.8064,124814.0,High,No,
Q,2026-01-01,0.77,3.004,3700385,0.7284,124814.0,High,No,
Q,2026-02-01,0.7415,3.374,3258279,0.7124,124814.0,High,No,
Q,2026-03-01,0.7843,2.55,4226948,0.782,124814.0,High,No,
R,2017-03-01,0.8525,1.719,5785056,0.6711,122976.0,High,No,
R,2017-04-01,0.8444,1.714,5073179,0.7091,122976.0,High,No,
R,2017-05-01,0.8471,1.781,5818665,0.7376,122976.0,High,No,
R,2017-06-01,0.8509,1.547,5685596,0.6773,122976.0,High,No,
R,2017-07-01,0.8627,1.251,4970965,0.7073,122976.0,High,No,
R,2017-08-01,0.8482,1.567,5820634,0.7172,122976.0,High,No,
R,2017-09-01,0.8607,1.403,4567687,0.6837,122976.0,High,No,
R,2017-10-01,0.8524,1.602,5944448,0.6479,122976.0,High,No,
R,2017-11-01,0.848,1.548,5907228,0.639,122976.0,High,No,
R,2017-12-01,0.8377,1.693,5695960,0.6203,122976.0,High,No,
R,2018-01-01,0.8272,1.923,6014255,0.559,122976.0,High,No,
R,2018-02-01,0.828,1.967,5044655,0.5414,122976.0,High,No,
R,2018-03-01,0.851,1.511,5877038,0.646,122976.0,High,No,
R,2018-04-01,0.8593,1.508,5915203,0.6846,122976.0,High,No,
R,2018-05-01,0.8546,1.645,6399645,0.5862,122976.0,High,No,
R,2018-06-01,0.8511,1.575,6089326,0.581,122976.0,High,No,
R,2018-07-01,0.8474,1.602,5671932,0.4855,122976.0,High,No,
R,2018-08-01,0.8213,2.105,6024563,0.4153,122976.0,High,No,
R,2018-09-01,0.8165,2.11,4883707,0.4684,122976.0,High,No,
R,2018-10-01,0.8233,2.16,6632944,0.4796,122976.0,High,No,
R,2018-11-01,0.8083,2.315,6396936,0.4679,122976.0,High,No,
R,2018-12-01,0.8275,2.029,6063549,0.5854,122976.0,High,No,
R,2019-01-01,0.8629,1.59,6544820,0.6703,122976.0,High,No,
R,2019-02-01,0.8619,1.563,5136365,0.6833,122976.0,High,No,
R,2019-03-01,0.8674,1.516,5979974,0.6776,122976.0,High,No,
R,2019-04-01,0.852,1.853,6186054,0.6601,122976.0,High,No,
R,2019-05-01,0.8656,1.579,6183893,0.7182,122976.0,High,No,
R,2019-06-01,0.8442,1.899,5711620,0.6977,122976.0,High,No,
R,2019-07-01,0.8671,1.556,5972789,0.7323,122976.0,High,No,
R,2019-08-01,0.8654,1.537,5937404,0.7851,122976.0,High,No,
R,2019-09-01,0.8731,1.326,5141281,0.8001,122976.0,High,No,
R,2019-10-01,0.8592,1.31,6704801,0.7917,122976.0,High,No,
R,2019-11-01,0.8555,1.45,5846053,0.7492,122976.0,High,No,
R,2019-12-01,0.8421,1.52,6112062,0.7528,122976.0,High,No,
R,2020-01-01,0.8397,1.742,6488169,0.7845,122976.0,High,No,
R,2020-02-01,0.8392,1.568,5107763,0.8159,122976.0,High,No,
R,2020-03-01,0.848,1.26,2811878,0.8614,122976.0,High,No,
R,2020-04-01,0.7487,1.457,224361,0.8412,122976.0,High,No,
R,2020-05-01,0.833,0.115,382415,0.9467,122976.0,High,No,
R,2020-06-01,0.8481,1.128,783813,0.8879,122976.0,High,No,
R,2020-07-01,0.839,1.287,987872,0.8787,122976.0,High,No,
R,2020-08-01,0.8529,1.046,1190891,0.9097,122976.0,High,No,
R,2020-09-01,0.8454,1.187,1225779,0.877,122976.0,High,No,
R,2020-10-01,0.845,1.188,1699351,0.8954,122976.0,High,No,
R,2020-11-01,0.832,1.413,1591194,0.8819,122976.0,High,No,
R,2020-12-01,0.8425,1.17,1796981,0.8876,122976.0,High,No,
R,2021-01-01,0.8393,1.303,1501197,0.8752,122976.0,High,No,
R,2021-02-01,0.8313,1.587,1410869,0.8631,122976.0,High,No,
R,2021-03-01,0.8562,1.036,1807410,0.9068,122976.0,High,No,
R,2021-04-01,0.8597,0.991,1839599,0.9095,122976.0,High,No,
R,2021-05-01,0.8361,1.466,1686901,0.8647,122976.0,High,No,
R,2021-06-01,0.813,1.682,2168813,0.7956,122976.0,High,No,
R,2021-07-01,0.8173,1.638,2094721,0.8378,122976.0,High,No,
R,2021-08-01,0.8019,1.919,2439802,0.801,122976.0,High,No,
R,2021-09-01,0.8041,1.899,2115182,0.7877,122976.0,High,No,
R,2021-10-01,0.8106,1.794,2894832,0.8045,122976.0,High,No,
R,2021-11-01,0.8179,1.698,3232312,0.781,122976.0,High,No,
R,2021-12-01,0.8144,1.628,3368788,0.7589,122976.0,High,No,
R,2022-01-01,0.8032,1.465,3863162,0.8182,122976.0,High,No,
R,2022-02-01,0.8326,1.235,2417047,0.7979,122976.0,High,No,
R,2022-03-01,0.8185,1.738,3447695,0.7644,122976.0,High,No,
R,2022-04-01,0.8234,1.712,3235227,0.7286,122976.0,High,No,
R,2022-05-01,0.8276,1.556,3386118,0.7259,122976.0,High,No,
R,2022-06-01,0.8269,1.457,3529856,0.7859,122976.0,High,No,
R,2022-07-01,0.8209,1.646,3134978,0.7608,122976.0,High,No,
R,2022-08-01,0.8181,2.079,3390975,0.7586,122976.0,High,No,
R,2022-09-01,0.827,1.721,3022850,0.7739,122976.0,High,No,
R,2022-10-01,0.8288,1.782,3818482,0.75,122976.0,High,No,
R,2022-11-01,0.8166,1.995,3864662,0.7577,122976.0,High,No,
R,2022-12-01,0.8229,1.757,3969137,0.8002,122976.0,High,No,
R,2023-01-01,0.8481,1.422,3779306,0.8571,122976.0,High,No,
R,2023-02-01,0.8317,1.759,3388710,0.7979,122976.0,High,No,
R,2023-03-01,0.8271,1.829,4329328,0.805,122976.0,High,No,
R,2023-04-01,0.8429,1.428,3659645,0.8002,122976.0,High,No,
R,2023-05-01,0.8322,1.693,4144628,0.7922,122976.0,High,No,
R,2023-06-01,0.8249,1.702,4215537,0.7635,122976.0,High,No,
R,2023-07-01,0.8195,1.741,3885695,0.7762,122976.0,High,No,
R,2023-08-01,0.8266,1.617,4129478,0.8296,122976.0,High,No,
R,2023-09-01,0.8428,1.24,3811465,0.8012,122976.0,High,No,
R,2023-10-01,0.8375,1.595,5099265,0.8131,122976.0,High,No,
R,2023-11-01,0.8423,1.316,4871735,0.8056,122976.0,High,No,
R,2023-12-01,0.7955,1.936,4808776,0.7683,122976.0,High,No,
R,2024-01-01,0.8296,1.583,4316386,0.7915,122976.0,High,No,
R,2024-02-01,0.8155,1.731,3751540,0.7602,122976.0,High,No,
R,2024-03-01,0.8318,1.56,4367676,0.8238,122976.0,High,No,
R,2024-04-01,0.8367,1.501,4290072,0.7331,122976.0,High,No,
R,2024-05-01,0.8238,1.817,3837145,0.7783,122976.0,High,No,
R,2024-06-01,0.8404,1.433,3642991,0.7988,122976.0,High,No,
R,2024-07-01,0.8285,1.693,3948933,0.7834,122976.0,High,No,
R,2024-08-01,0.8451,1.403,3385843,0.7807,122976.0,High,No,
R,2024-09-01,0.8229,1.681,3606744,0.8227,122976.0,High,No,
R,2024-10-01,0.8368,1.559,4181816,0.7791,122976.0,High,No,
R,2024-11-01,0.8257,1.648,3857288,0.8198,122976.0,High,No,
R,2024-12-01,0.7704,2.349,4011274,0.7487,122976.0,High,No,
R,2025-01-01,0.7748,2.359,4879779,0.7557,122976.0,High,No,
R,2025-02-01,0.7846,2.182,3910610,0.743,122976.0,High,No,
R,2025-03-01,0.846,1.379,4290037,0.8358,122976.0,High,No,
R,2025-04-01,0.8467,1.354,4759502,0.8359,122976.0,High,No,
R,2025-05-01,0.8528,1.389,4660743,0.8358,122976.0,High,No,
R,2025-06-01,0.8655,1.08,4570856,0.8452,122976.0,High,No,
R,2025-07-01,0.8301,1.954,4840921,0.7763,122976.0,High,No,
R,2025-08-01,0.8432,1.706,4416163,0.8292,122976.0,High,No,
R,2025-09-01,0.8445,1.809,4298825,0.8456,122976.0,High,No,
R,2025-10-01,0.8525,1.512,5387963,0.8337,122976.0,High,No,
R,2025-11-01,0.8612,1.341,4559837,0.8587,122976.0,High,No,
R,2025-12-01,0.8448,1.564,5390013,0.8116,122976.0,High,No,
R,2026-01-01,0.8256,1.861,4823620,0.8293,122976.0,High,No,
R,2026-02-01,0.805,2.185,4101933,0.7913,122976.0,High,No,
R,2026-03-01,0.8392,1.901,5396445,0.8211,122976.0,High,No,
W,2017-03-01,0.883,1.555,2226784,0.6599,125784.0,High,No,
W,2017-04-01,0.8758,1.469,2030040,0.65,125784.0,High,No,
W,2017-05-01,0.8605,2.477,2392208,0.6647,125784.0,High,No,
W,2017-06-01,0.894,1.287,2246887,0.6724,125784.0,High,No,
W,2017-07-01,0.9014,1.214,2074337,0.7079,125784.0,High,No,
W,2017-08-01,0.8713,2.066,2399204,0.7189,125784.0,High,No,
W,2017-09-01,0.8786,1.631,1885827,0.7556,125784.0,High,No,
W,2017-10-01,0.8607,2.026,2263788,0.6991,125784.0,High,No,
W,2017-11-01,0.8784,1.366,2104496,0.708,125784.0,High,No,
W,2017-12-01,0.8834,1.341,2068959,0.697,125784.0,High,No,
W,2018-01-01,0.8621,1.587,2223038,0.6344,125784.0,High,No,
W,2018-02-01,0.8465,2.924,1872077,0.7249,125784.0,High,No,
W,2018-03-01,0.8822,1.23,2231525,0.7208,125784.0,High,No,
W,2018-04-01,0.8953,1.181,2271852,0.7586,125784.0,High,No,
W,2018-05-01,0.8879,1.548,2541678,,125784.0,High,No,
W,2018-06-01,0.8741,1.534,2354172,,125784.0,High,No,
W,2018-07-01,0.8991,0.959,2047273,,125784.0,High,No,
W,2018-08-01,0.8941,1.253,2526687,,125784.0,High,No,
W,2018-09-01,0.9013,1.086,2026771,,125784.0,High,No,
W,2018-10-01,0.8838,1.515,2577429,,125784.0,High,No,
W,2018-11-01,0.8705,1.892,2408532,,125784.0,High,No,
W,2018-12-01,0.895,1.25,2279102,,125784.0,High,No,
W,2019-01-01,0.9118,1.06,2527884,,125784.0,High,No,
W,2019-02-01,0.8838,1.378,1891932,,125784.0,High,No,
W,2019-03-01,0.9203,0.94,2258476,,125784.0,High,No,
W,2019-04-01,0.9033,1.151,2381938,,125784.0,High,No,
W,2019-05-01,0.8998,1.141,2482510,,125784.0,High,No,
W,2019-06-01,0.8933,1.255,2287759,,125784.0,High,No,
W,2019-07-01,0.9117,1.033,2395375,,125784.0,High,No,
W,2019-08-01,0.9148,1.14,2384756,,125784.0,High,No,
W,2019-09-01,0.9194,1.062,2085930,,125784.0,High,No,
W,2019-10-01,0.902,1.142,2716627,,125784.0,High,No,
W,2019-11-01,0.8981,1.27,2384234,,125784.0,High,No,
W,2019-12-01,0.8855,1.425,2495767,,125784.0,High,No,
W,2020-01-01,0.8936,1.405,2594934,,125784.0,High,No,
W,2020-02-01,0.8973,1.308,2035917,,125784.0,High,No,
W,2020-03-01,0.8957,1.294,1105032,,125784.0,High,No,
W,2020-06-01,0.8993,0.854,171640,,125784.0,High,No,
W,2020-07-01,0.8804,1.283,286158,,125784.0,High,No,
W,2020-08-01,0.9041,0.803,344661,,125784.0,High,No,
W,2020-09-01,0.8953,0.926,352710,,125784.0,High,No,
W,2020-10-01,0.9081,0.68,499296,,125784.0,High,No,
W,2020-11-01,0.883,1.225,482878,,125784.0,High,No,
W,2020-12-01,0.8963,0.971,519777,,125784.0,High,No,
W,2021-01-01,0.8995,0.898,434722,,125784.0,High,No,
W,2021-02-01,0.879,1.682,408805,,125784.0,High,No,
W,2021-03-01,0.9117,0.702,511751,,125784.0,High,No,
W,2021-04-01,0.9088,0.675,521685,,125784.0,High,No,
W,2021-05-01,0.8953,1.144,476861,,125784.0,High,No,
W,2021-06-01,0.8774,1.119,655837,,125784.0,High,No,
W,2021-07-01,0.8729,1.193,646269,,125784.0,High,No,
W,2021-08-01,0.8671,1.433,788420,,125784.0,High,No,
W,2021-09-01,0.8799,1.2,685539,,125784.0,High,No,
W,2021-10-01,0.8886,1.109,918272,,125784.0,High,No,
W,2021-11-01,0.8714,1.349,1052696,,125784.0,High,No,
W,2021-12-01,0.8938,1.059,998354,,125784.0,High,No,
W,2022-01-01,0.8495,1.607,368230,,125784.0,High,No,
W,2022-02-01,0.9056,0.928,759220,,125784.0,High,No,
W,2022-03-01,0.8931,1.206,1107747,,125784.0,High,No,
W,2022-04-01,0.8916,1.575,1099451,,125784.0,High,No,
W,2022-05-01,0.9011,1.102,1175186,,125784.0,High,No,
W,2022-06-01,0.9126,0.83,1201393,,125784.0,High,No,
W,2022-07-01,0.9001,0.796,1202620,,125784.0,High,No,
W,2022-08-01,0.8997,0.884,1237672,,125784.0,High,No,
W,2022-09-01,0.9041,0.852,1146699,,125784.0,High,No,
W,2022-10-01,0.9091,0.859,1457584,,125784.0,High,No,
W,2022-11-01,0.9004,0.932,1473050,,125784.0,High,No,
W,2022-12-01,0.8973,0.995,1457881,,125784.0,High,No,
W,2023-01-01,0.9162,0.664,1442362,,125784.0,High,No,
W,2023-02-01,0.9038,1.414,1226656,,125784.0,High,No,
W,2023-03-01,0.8906,1.189,1616083,,125784.0,High,No,
W,2023-04-01,0.9061,0.743,1372136,,125784.0,High,No,
W,2023-05-01,0.8988,1.012,1566212,,125784.0,High,No,
W,2023-06-01,0.896,0.884,1622322,,125784.0,High,No,
W,2023-07-01,0.8855,1.243,1449224,,125784.0,High,No,
W,2023-08-01,0.8863,1.558,1549669,,125784.0,High,No,
W,2023-09-01,0.8816,1.592,1212492,,125784.0,High,No,
W,2023-10-01,0.8925,1.159,1745714,,125784.0,High,No,
W,2023-11-01,0.9102,0.961,1713383,,125784.0,High,No,
W,2023-12-01,0.8751,1.425,1524618,,125784.0,High,No,
W,2024-01-01,0.9025,1.227,1421361,,125784.0,High,No,
W,2024-02-01,0.8885,1.573,1191309,,125784.0,High,No,
W,2024-03-01,0.9186,0.924,1411954,,125784.0,High,No,
W,2024-04-01,0.9278,0.598,1630745,,125784.0,High,No,
W,2024-05-01,0.8979,1.319,1547284,,125784.0,High,No,
W,2024-06-01,0.926,0.598,1470325,,125784.0,High,No,
W,2024-07-01,0.919,0.761,1569735,,125784.0,High,No,
W,2024-08-01,0.9227,0.596,1368414,,125784.0,High,No,
W,2024-09-01,0.9171,0.693,1384713,,125784.0,High,No,
W,2024-10-01,0.9067,0.969,1603162,,125784.0,High,No,
W,2024-11-01,0.9094,1.073,1494378,,125784.0,High,No,
W,2024-12-01,0.8992,1.025,1560615,,125784.0,High,No,
W,2025-01-01,0.897,0.922,1970226,,125784.0,High,No,
W,2025-02-01,0.9071,0.772,1537959,,125784.0,High,No,
W,2025-03-01,0.925,0.549,1682848,,125784.0,High,No,
W,2025-04-01,0.924,0.585,1860022,,125784.0,High,No,
W,2025-05-01,0.9252,0.685,1857780,,125784.0,High,No,
W,2025-06-01,0.9215,0.593,1832252,,125784.0,High,No,
W,2025-07-01,0.8879,1.398,1880764,,125784.0,High,No,
W,2025-08-01,0.8909,1.576,1728965,,125784.0,High,No,
W,2025-09-01,0.8662,2.777,1704183,,125784.0,High,No,
W,2025-10-01,0.8733,1.412,2072120,,125784.0,High,No,
W,2025-11-01,0.8967,1.052,1738751,,125784.0,High,No,
W,2025-12-01,0.8851,1.503,2029445,,125784.0,High,No,
W,2026-01-01,0.8733,1.588,1800239,,125784.0,High,No,
W,2026-02-01,0.8535,1.935,1519946,,125784.0,High,No,
W,2026-03-01,0.8783,1.476,1934989,,125784.0,High,No,
