geoid,median_income,no_vehicle,commuters_total,commuters_transit,transit_share
36005000100,,0.0,0.0,0.0,
36005000200,115064.0,301.0,2312.0,843.0,0.36461937716262977
36005000400,100553.0,600.0,3140.0,959.0,0.3054140127388535
36005001600,41362.0,1193.0,2391.0,1058.0,0.44249268088665833
36005001901,49500.0,699.0,1111.0,614.0,0.5526552655265526
36005001902,67375.0,255.0,812.0,426.0,0.5246305418719212
36005001903,,0.0,0.0,0.0,
36005001904,,0.0,0.0,0.0,
36005002001,24684.0,1363.0,1254.0,809.0,0.6451355661881978
36005002002,,1211.0,1379.0,770.0,0.5583756345177665
36005002300,19743.0,1659.0,1161.0,745.0,0.6416881998277347
36005002400,,0.0,0.0,0.0,
36005002500,27378.0,1606.0,1989.0,1192.0,0.5992961287078934
36005002701,21427.0,906.0,955.0,708.0,0.7413612565445026
36005002702,29206.0,1087.0,1671.0,1269.0,0.7594254937163375
36005002800,64308.0,825.0,2630.0,1149.0,0.43688212927756653
36005003100,41370.0,798.0,1080.0,762.0,0.7055555555555556
36005003300,24122.0,829.0,846.0,413.0,0.48817966903073284
36005003500,34185.0,982.0,1347.0,865.0,0.6421677802524127
36005003700,,163.0,132.0,45.0,0.3409090909090909
36005003800,88077.0,85.0,497.0,228.0,0.45875251509054327
36005003900,20640.0,1654.0,2278.0,1347.0,0.5913081650570676
36005004001,70536.0,168.0,576.0,292.0,0.5069444444444444
36005004100,27328.0,1579.0,2469.0,1569.0,0.6354799513973268
36005004200,52423.0,1099.0,3380.0,1507.0,0.44585798816568045
36005004300,34890.0,1655.0,1956.0,1308.0,0.6687116564417178
36005004400,17319.0,1134.0,1128.0,594.0,0.526595744680851
36005004600,17083.0,368.0,486.0,222.0,0.4567901234567901
36005004800,34436.0,1124.0,1555.0,1002.0,0.6443729903536978
36005005001,34087.0,928.0,1371.0,855.0,0.6236323851203501
36005005002,36598.0,1526.0,1914.0,1313.0,0.6859979101358412
36005005100,22850.0,2023.0,1470.0,870.0,0.5918367346938775
36005005200,29657.0,577.0,716.0,417.0,0.5824022346368715
36005005300,26437.0,1255.0,1490.0,922.0,0.6187919463087248
36005005400,48750.0,1179.0,1902.0,1230.0,0.6466876971608833
36005005600,39572.0,567.0,871.0,514.0,0.5901262916188289
36005005902,48456.0,879.0,1190.0,706.0,0.5932773109243697
36005006000,47375.0,188.0,482.0,252.0,0.5228215767634855
36005006100,66430.0,1175.0,1949.0,1211.0,0.6213442791174961
36005006200,30236.0,1800.0,2078.0,1343.0,0.6462945139557267
36005006301,55396.0,1659.0,3249.0,1923.0,0.5918744228993537
36005006302,,0.0,0.0,0.0,
36005006400,24730.0,878.0,1234.0,711.0,0.5761750405186385
36005006500,22985.0,1846.0,1602.0,1066.0,0.66541822721598
36005006700,17390.0,2228.0,2311.0,1772.0,0.7667676330592818
36005006800,29844.0,670.0,652.0,429.0,0.6579754601226994
36005006900,29627.0,2050.0,2137.0,1461.0,0.683668694431446
36005007000,57905.0,679.0,1237.0,774.0,0.6257073565076798
36005007100,44792.0,739.0,1278.0,767.0,0.6001564945226917
36005007200,63449.0,694.0,2394.0,1033.0,0.4314954051796157
36005007300,28166.0,1189.0,1415.0,897.0,0.6339222614840989
36005007400,53166.0,404.0,1301.0,673.0,0.5172943889315911
36005007500,34484.0,1762.0,2399.0,1403.0,0.5848270112546895
36005007600,53784.0,1023.0,2013.0,1252.0,0.6219572776949827
36005007700,48846.0,281.0,980.0,508.0,0.5183673469387755
36005007800,61328.0,673.0,2422.0,1072.0,0.4426094137076796
36005007900,34604.0,1931.0,2318.0,1434.0,0.6186367558239861
36005008300,50920.0,1603.0,2628.0,1597.0,0.6076864535768646
36005008400,67724.0,400.0,1204.0,729.0,0.6054817275747508
36005008500,34543.0,1535.0,1856.0,1158.0,0.6239224137931034
36005008600,23987.0,1226.0,1183.0,459.0,0.3879966187658495
36005008700,36402.0,1437.0,2417.0,1623.0,0.6714935870914357
36005008900,41484.0,1029.0,1239.0,675.0,0.5447941888619855
36005009000,33831.0,693.0,1132.0,386.0,0.3409893992932862
36005009200,56208.0,841.0,2454.0,948.0,0.3863080684596577
36005009301,47185.0,1286.0,2135.0,1278.0,0.5985948477751757
36005009302,,0.0,0.0,0.0,
36005009600,53333.0,452.0,921.0,361.0,0.3919652551574376
36005009800,56128.0,360.0,1519.0,608.0,0.40026333113890716
36005011000,,0.0,0.0,0.0,
36005011502,28592.0,1046.0,1501.0,1051.0,0.7001998667554963
36005011701,33967.0,348.0,581.0,315.0,0.5421686746987951
36005011702,,0.0,0.0,0.0,
36005011800,109396.0,78.0,2322.0,401.0,0.1726959517657192
36005011900,34335.0,1487.0,2335.0,1418.0,0.6072805139186296
36005012101,55000.0,627.0,1411.0,774.0,0.5485471296952515
36005012102,43472.0,366.0,483.0,338.0,0.6997929606625258
36005012300,47402.0,862.0,2458.0,1173.0,0.4772172497965826
36005012500,51875.0,749.0,1635.0,911.0,0.5571865443425077
36005012701,44667.0,424.0,963.0,558.0,0.5794392523364486
36005012901,40575.0,1328.0,1588.0,907.0,0.5711586901763224
36005013000,59083.0,138.0,599.0,80.0,0.1335559265442404
36005013100,17410.0,1582.0,1796.0,1045.0,0.5818485523385301
36005013200,104651.0,471.0,3418.0,941.0,0.27530719719133995
36005013300,34055.0,1576.0,2237.0,946.0,0.4228877961555655
36005013500,27602.0,994.0,1067.0,519.0,0.48641049671977504
36005013800,84042.0,257.0,1317.0,226.0,0.1716021260440395
36005014100,35506.0,2224.0,2812.0,1647.0,0.5857041251778093
36005014300,16678.0,513.0,572.0,318.0,0.5559440559440559
36005014400,29213.0,1726.0,1857.0,873.0,0.4701130856219709
36005014500,27352.0,2146.0,1890.0,1252.0,0.6624338624338625
36005014701,25858.0,1709.0,1768.0,1038.0,0.5871040723981901
36005014702,21196.0,1504.0,1316.0,880.0,0.668693009118541
36005014900,41311.0,1095.0,1643.0,708.0,0.4309190505173463
36005015100,28618.0,1461.0,1752.0,881.0,0.5028538812785388
36005015200,77238.0,183.0,1221.0,355.0,0.29074529074529076
36005015300,38862.0,1278.0,1405.0,849.0,0.604270462633452
36005015500,37168.0,787.0,995.0,712.0,0.7155778894472362
36005015700,39776.0,1538.0,2104.0,1533.0,0.7286121673003803
36005015800,70357.0,188.0,678.0,218.0,0.3215339233038348
36005015900,24485.0,373.0,937.0,349.0,0.37246531483457845
36005016000,96838.0,180.0,1929.0,457.0,0.23691031622602385
36005016100,22286.0,1511.0,1567.0,960.0,0.612635609444799
36005016200,115278.0,77.0,826.0,290.0,0.35108958837772397
36005016300,,0.0,0.0,0.0,
36005016400,66912.0,116.0,365.0,108.0,0.2958904109589041
36005016500,46179.0,214.0,483.0,257.0,0.5320910973084886
36005016600,105764.0,73.0,1183.0,392.0,0.33136094674556216
36005016700,41500.0,675.0,1314.0,735.0,0.5593607305936074
36005016900,50107.0,368.0,651.0,333.0,0.511520737327189
36005017100,,0.0,0.0,0.0,
36005017300,17446.0,1723.0,1742.0,1370.0,0.7864523536165328
36005017500,26463.0,2413.0,2164.0,1495.0,0.6908502772643254
36005017701,30375.0,780.0,1622.0,1233.0,0.7601726263871763
36005017702,47963.0,924.0,1869.0,1051.0,0.5623327982878544
36005017901,47035.0,1387.0,2263.0,1491.0,0.658859920459567
36005017902,41475.0,1058.0,1522.0,882.0,0.5795006570302234
36005018101,,600.0,1156.0,588.0,0.5086505190311419
36005018102,33950.0,1878.0,2207.0,1480.0,0.6705935659265972
36005018301,56508.0,1281.0,1997.0,1234.0,0.6179268903355033
36005018302,72540.0,1091.0,1850.0,1056.0,0.5708108108108109
36005018400,117819.0,329.0,2050.0,712.0,0.3473170731707317
36005018501,50177.0,1058.0,1250.0,749.0,0.5992
36005018502,21635.0,1849.0,1412.0,775.0,0.5488668555240793
36005018900,45770.0,2182.0,3434.0,2375.0,0.6916132789749563
36005019300,38663.0,2024.0,2449.0,1844.0,0.7529603919967334
36005019400,70185.0,195.0,897.0,368.0,0.41025641025641024
36005019500,33412.0,2387.0,2172.0,1450.0,0.6675874769797422
36005019700,34871.0,2093.0,2951.0,2302.0,0.7800745509996612
36005019900,35139.0,2355.0,3340.0,2271.0,0.6799401197604791
36005020000,46021.0,855.0,1938.0,1070.0,0.5521155830753354
36005020100,37433.0,1018.0,1000.0,668.0,0.668
36005020200,53651.0,532.0,1188.0,731.0,0.6153198653198653
36005020400,59138.0,510.0,1185.0,585.0,0.4936708860759494
36005020501,17056.0,2212.0,1788.0,1129.0,0.6314317673378076
36005020502,28510.0,778.0,1147.0,775.0,0.6756756756756757
36005020601,55648.0,510.0,1146.0,824.0,0.7190226876090751
36005020900,44769.0,1608.0,2026.0,1236.0,0.6100691016781836
36005021001,46269.0,2328.0,2829.0,1706.0,0.6030399434429127
36005021002,71397.0,2205.0,3447.0,1922.0,0.5575863069335654
36005021100,42077.0,1440.0,2418.0,1339.0,0.553763440860215
36005021200,66329.0,1697.0,2353.0,1669.0,0.7093072673183171
36005021301,34470.0,240.0,437.0,318.0,0.7276887871853547
36005021302,23639.0,1961.0,1565.0,1001.0,0.6396166134185304
36005021501,39756.0,953.0,1952.0,1291.0,0.6613729508196722
36005021502,19904.0,1468.0,1892.0,1388.0,0.733615221987315
36005021601,45156.0,1035.0,1951.0,1306.0,0.6694003075345977
36005021602,60286.0,1630.0,3025.0,2194.0,0.725289256198347
36005021700,40394.0,1405.0,2294.0,1362.0,0.5937227550130776
36005021800,55804.0,1272.0,2651.0,1551.0,0.5850622406639004
36005021900,45906.0,263.0,406.0,298.0,0.7339901477832512
36005022000,32174.0,421.0,641.0,486.0,0.7581903276131046
36005022101,55078.0,927.0,1490.0,951.0,0.6382550335570469
36005022102,50051.0,1363.0,2443.0,1782.0,0.7294310274252968
36005022200,52734.0,724.0,1257.0,798.0,0.6348448687350835
36005022300,33646.0,2009.0,2354.0,1624.0,0.6898895497026338
36005022401,63571.0,445.0,1140.0,558.0,0.48947368421052634
36005022403,88534.0,651.0,1350.0,593.0,0.43925925925925924
36005022404,66121.0,1102.0,2387.0,1344.0,0.5630498533724341
36005022500,52834.0,1562.0,3256.0,2223.0,0.6827395577395577
36005022701,31500.0,1580.0,1860.0,1360.0,0.7311827956989247
36005022702,27165.0,429.0,520.0,337.0,0.6480769230769231
36005022703,75489.0,520.0,782.0,431.0,0.551150895140665
36005022800,86549.0,1042.0,3044.0,1769.0,0.581143232588699
36005022901,50023.0,1511.0,2351.0,1805.0,0.7677584006805614
36005022902,51964.0,744.0,1751.0,1284.0,0.7332952598515134
36005023000,55625.0,423.0,1066.0,586.0,0.549718574108818
36005023100,55179.0,268.0,540.0,266.0,0.4925925925925926
36005023200,55288.0,435.0,972.0,421.0,0.4331275720164609
36005023301,31887.0,1355.0,1667.0,1308.0,0.7846430713857229
36005023302,52092.0,815.0,1369.0,1000.0,0.7304601899196493
36005023501,39419.0,936.0,1418.0,950.0,0.6699576868829337
36005023502,49286.0,1239.0,1893.0,1253.0,0.6619123085050185
36005023600,73152.0,268.0,749.0,364.0,0.48598130841121495
36005023702,53304.0,192.0,468.0,255.0,0.5448717948717948
36005023703,21551.0,1609.0,1232.0,794.0,0.6444805194805194
36005023704,34875.0,1150.0,1368.0,795.0,0.581140350877193
36005023800,72198.0,269.0,1109.0,479.0,0.43192064923354373
36005023900,46927.0,2044.0,3530.0,2808.0,0.7954674220963173
36005024000,76250.0,466.0,2067.0,1094.0,0.5292694726656991
36005024100,45425.0,1912.0,2560.0,1842.0,0.71953125
36005024300,29747.0,1525.0,1882.0,1470.0,0.7810839532412327
36005024400,58603.0,250.0,1092.0,290.0,0.26556776556776557
36005024501,43504.0,989.0,2134.0,894.0,0.4189315838800375
36005024502,33333.0,859.0,1617.0,798.0,0.4935064935064935
36005024600,86932.0,209.0,995.0,407.0,0.40904522613065325
36005024700,50993.0,447.0,880.0,511.0,0.5806818181818182
36005024800,64961.0,536.0,1618.0,883.0,0.5457354758961681
36005024900,,0.0,0.0,0.0,
36005025000,98700.0,368.0,1152.0,544.0,0.4722222222222222
36005025100,44845.0,1570.0,3382.0,1710.0,0.5056179775280899
36005025200,85192.0,201.0,1204.0,234.0,0.19435215946843853
36005025300,49906.0,1367.0,2537.0,1659.0,0.6539219550650375
36005025400,78500.0,243.0,838.0,308.0,0.36754176610978523
36005025500,39231.0,1780.0,2750.0,1947.0,0.708
36005025600,51053.0,202.0,786.0,363.0,0.4618320610687023
36005025700,57241.0,423.0,829.0,560.0,0.6755126658624849
36005026100,61552.0,768.0,886.0,546.0,0.6162528216704289
36005026300,37361.0,1615.0,2537.0,1806.0,0.711864406779661
36005026400,70463.0,449.0,3038.0,1190.0,0.391705069124424
36005026500,57900.0,1500.0,2966.0,1834.0,0.6183412002697235
36005026601,47778.0,533.0,1271.0,566.0,0.44531864673485444
36005026602,46069.0,1511.0,2130.0,1348.0,0.6328638497652582
36005026701,49167.0,922.0,1278.0,856.0,0.6697965571205008
36005026702,65500.0,1589.0,3244.0,1927.0,0.594019728729963
36005026900,27374.0,1283.0,1756.0,1014.0,0.5774487471526196
36005027300,54396.0,2044.0,3410.0,2043.0,0.5991202346041056
36005027401,89925.0,236.0,2558.0,679.0,0.26544175136825643
36005027402,101142.0,91.0,1677.0,391.0,0.23315444245676803
36005027600,,20.0,9.0,3.0,0.3333333333333333
36005027700,29939.0,1337.0,1866.0,1134.0,0.6077170418006431
36005027900,57129.0,1472.0,3181.0,1764.0,0.5545425966677145
36005028100,67917.0,1008.0,1579.0,935.0,0.5921469284357188
36005028300,,594.0,994.0,770.0,0.7746478873239436
36005028400,,0.0,18.0,0.0,0.0
36005028500,70543.0,723.0,2055.0,907.0,0.44136253041362533
36005028600,87917.0,72.0,474.0,114.0,0.24050632911392406
36005028700,68370.0,687.0,1553.0,827.0,0.5325177076625885
36005028800,86757.0,170.0,1307.0,492.0,0.3764345830145371
36005028900,53138.0,1239.0,2063.0,1333.0,0.6461463887542414
36005029301,137917.0,142.0,775.0,201.0,0.2593548387096774
36005029302,121250.0,564.0,2237.0,782.0,0.34957532409476977
36005029500,95435.0,811.0,2353.0,932.0,0.3960900977475563
36005029600,55486.0,388.0,837.0,208.0,0.24850657108721624
36005029700,97132.0,634.0,1396.0,648.0,0.46418338108882523
36005030000,90307.0,741.0,3305.0,1092.0,0.3304084720121029
36005030100,81351.0,213.0,603.0,214.0,0.3548922056384743
36005030201,68948.0,754.0,1665.0,1078.0,0.6474474474474474
36005030202,59107.0,1207.0,2373.0,994.0,0.41887905604719766
36005030701,134700.0,566.0,2397.0,862.0,0.359616186900292
36005030900,116417.0,402.0,1013.0,222.0,0.21915103652517276
36005031000,121617.0,41.0,1931.0,336.0,0.17400310719834283
36005031200,118529.0,92.0,788.0,207.0,0.2626903553299492
36005031400,115368.0,124.0,972.0,399.0,0.4104938271604938
36005031600,97202.0,224.0,843.0,321.0,0.3807829181494662
36005031800,91625.0,20.0,730.0,225.0,0.3082191780821918
36005031900,,0.0,198.0,28.0,0.1414141414141414
36005032300,96678.0,1188.0,1785.0,823.0,0.46106442577030815
36005032400,40239.0,744.0,1337.0,682.0,0.5100972326103216
36005032600,104870.0,228.0,1634.0,451.0,0.27600979192166464
36005032800,46648.0,872.0,1484.0,796.0,0.5363881401617251
36005033000,44785.0,1264.0,1905.0,1187.0,0.6230971128608924
36005033201,37898.0,1587.0,1795.0,1163.0,0.6479108635097494
36005033202,42114.0,1017.0,1213.0,608.0,0.5012366034624897
36005033400,,6.0,10.0,7.0,0.7
36005033500,107054.0,203.0,946.0,231.0,0.2441860465116279
36005033601,27674.0,1639.0,1754.0,1173.0,0.6687571265678449
36005033602,58947.0,200.0,611.0,500.0,0.8183306055646481
36005033700,144886.0,164.0,1124.0,242.0,0.21530249110320285
36005033801,68330.0,322.0,951.0,682.0,0.7171398527865405
36005033802,69960.0,362.0,806.0,458.0,0.5682382133995038
36005034000,64727.0,845.0,2524.0,1447.0,0.5732963549920761
36005034200,67809.0,187.0,876.0,472.0,0.5388127853881278
36005034300,87950.0,79.0,794.0,183.0,0.2304785894206549
36005034400,73438.0,203.0,944.0,482.0,0.510593220338983
36005034500,118583.0,531.0,1784.0,495.0,0.2774663677130045
36005034800,47593.0,1102.0,2263.0,992.0,0.4383561643835616
36005035000,69178.0,204.0,1027.0,358.0,0.3485881207400195
36005035100,110513.0,336.0,1986.0,792.0,0.3987915407854985
36005035600,98523.0,132.0,1072.0,273.0,0.25466417910447764
36005035800,85804.0,906.0,3597.0,1540.0,0.42813455657492355
36005035900,24823.0,867.0,837.0,550.0,0.6571087216248507
36005036000,96250.0,273.0,1263.0,514.0,0.4069675376088678
36005036100,24728.0,1744.0,1721.0,940.0,0.5461940732132481
36005036300,26524.0,1952.0,2426.0,1517.0,0.6253091508656224
36005036400,62188.0,318.0,1135.0,563.0,0.4960352422907489
36005036501,41287.0,969.0,1513.0,913.0,0.6034368803701256
36005036502,31729.0,537.0,872.0,515.0,0.5905963302752294
36005036700,,367.0,930.0,646.0,0.6946236559139785
36005036800,66563.0,233.0,815.0,351.0,0.4306748466257669
36005036901,25469.0,523.0,714.0,449.0,0.6288515406162465
36005036902,15000.0,626.0,583.0,301.0,0.516295025728988
36005037000,82039.0,220.0,1132.0,416.0,0.3674911660777385
36005037100,21250.0,1353.0,1312.0,799.0,0.6089939024390244
36005037200,68030.0,365.0,1062.0,499.0,0.4698681732580038
36005037300,50232.0,1554.0,2179.0,1316.0,0.6039467645709041
36005037400,36398.0,1005.0,1317.0,739.0,0.5611237661351557
36005037504,29330.0,987.0,1350.0,841.0,0.6229629629629629
36005037600,69345.0,270.0,872.0,317.0,0.36353211009174313
36005037800,43333.0,545.0,1041.0,623.0,0.5984630163304515
36005037900,35431.0,1459.0,2034.0,1325.0,0.6514257620452311
36005038000,41942.0,1337.0,1601.0,895.0,0.5590256089943785
36005038100,36722.0,1834.0,2620.0,2159.0,0.8240458015267176
36005038200,73077.0,345.0,1101.0,384.0,0.34877384196185285
36005038301,47394.0,1137.0,2372.0,1446.0,0.6096121416526138
36005038303,26837.0,974.0,1307.0,1031.0,0.7888293802601377
36005038304,20625.0,640.0,525.0,277.0,0.5276190476190477
36005038500,24605.0,1317.0,1288.0,857.0,0.6653726708074534
36005038600,62340.0,1626.0,3044.0,1260.0,0.41392904073587383
36005038700,42174.0,1120.0,1440.0,865.0,0.6006944444444444
36005038800,63341.0,279.0,1248.0,642.0,0.5144230769230769
36005038900,42574.0,1232.0,2216.0,1084.0,0.4891696750902527
36005039000,59758.0,399.0,1254.0,705.0,0.562200956937799
36005039100,31769.0,1933.0,3457.0,1630.0,0.4715070870697136
36005039200,61458.0,290.0,852.0,444.0,0.5211267605633803
36005039300,31107.0,2369.0,2887.0,1968.0,0.6816764807758919
36005039400,62712.0,983.0,1830.0,1260.0,0.6885245901639344
36005039500,23194.0,1372.0,1528.0,1110.0,0.7264397905759162
36005039600,41547.0,958.0,1630.0,863.0,0.5294478527607362
36005039700,35493.0,379.0,828.0,282.0,0.34057971014492755
36005039800,51629.0,380.0,1516.0,680.0,0.44854881266490765
36005039901,39524.0,1315.0,1991.0,1520.0,0.7634354595680563
36005039902,50534.0,1269.0,2374.0,1267.0,0.533698399326032
36005040100,26406.0,1622.0,1720.0,1137.0,0.661046511627907
36005040302,40938.0,1131.0,1770.0,1246.0,0.703954802259887
36005040303,39023.0,988.0,1668.0,1036.0,0.6211031175059952
36005040304,33218.0,1044.0,1361.0,732.0,0.5378398236590742
36005040400,83333.0,344.0,1545.0,606.0,0.39223300970873787
36005040501,42037.0,1160.0,1424.0,949.0,0.6664325842696629
36005040502,39486.0,1651.0,2262.0,1292.0,0.5711759504862953
36005040600,48157.0,594.0,1732.0,663.0,0.3827944572748268
36005040701,50068.0,979.0,1304.0,946.0,0.7254601226993865
36005040702,34724.0,1947.0,2959.0,1693.0,0.5721527543088881
36005040800,35476.0,1028.0,1856.0,1048.0,0.5646551724137931
36005040900,58466.0,727.0,1523.0,1161.0,0.7623112278397899
36005041100,42484.0,1017.0,1781.0,1335.0,0.7495788882650196
36005041300,62386.0,1828.0,4133.0,2491.0,0.6027098959593515
36005041400,63603.0,687.0,2511.0,1611.0,0.6415770609318996
36005041500,42188.0,1884.0,2188.0,1731.0,0.7911334552102377
36005041800,58090.0,596.0,1711.0,687.0,0.4015195791934541
36005041900,49667.0,1790.0,3019.0,1709.0,0.5660814839350778
36005042000,32672.0,1037.0,1263.0,591.0,0.4679334916864608
36005042100,52714.0,1373.0,2478.0,1369.0,0.5524616626311541
36005042200,72091.0,401.0,1520.0,622.0,0.40921052631578947
36005042300,63723.0,1011.0,1821.0,1334.0,0.7325645249862712
36005042400,97083.0,223.0,970.0,385.0,0.39690721649484534
36005042500,42839.0,1541.0,2731.0,1646.0,0.6027096301720981
36005042600,87763.0,504.0,3272.0,1339.0,0.40922982885085574
36005042800,104205.0,146.0,817.0,177.0,0.21664626682986537
36005042901,41658.0,677.0,1410.0,917.0,0.650354609929078
36005042902,48162.0,1287.0,1743.0,997.0,0.5720022948938611
36005043000,78482.0,461.0,1399.0,677.0,0.4839170836311651
36005043101,39792.0,1255.0,2236.0,1213.0,0.5424865831842576
36005043102,38569.0,1220.0,1872.0,860.0,0.4594017094017094
36005043400,71849.0,598.0,1878.0,708.0,0.3769968051118211
36005043501,26523.0,352.0,341.0,190.0,0.5571847507331378
36005043502,,0.0,0.0,0.0,
36005043503,88438.0,5.0,13.0,4.0,0.3076923076923077
36005043600,60536.0,310.0,797.0,386.0,0.48431618569636137
36005044200,40089.0,594.0,1294.0,567.0,0.4381761978361669
36005044400,99960.0,544.0,1665.0,685.0,0.4114114114114114
36005044800,102250.0,190.0,1139.0,450.0,0.39508340649692714
36005044901,98007.0,242.0,986.0,338.0,0.34279918864097364
36005044902,88264.0,259.0,1234.0,466.0,0.37763371150729336
36005045101,73021.0,416.0,730.0,251.0,0.34383561643835614
36005045102,93510.0,274.0,1005.0,326.0,0.3243781094527363
36005045600,114525.0,187.0,1952.0,752.0,0.38524590163934425
36005045800,27753.0,1588.0,1411.0,692.0,0.49043231750531535
36005046000,40500.0,603.0,1091.0,528.0,0.48395967002749773
36005046203,41371.0,1284.0,2307.0,1306.0,0.5661031642826181
36005046204,73104.0,683.0,2540.0,1102.0,0.4338582677165354
36005046205,46401.0,979.0,1203.0,630.0,0.5236907730673317
36005046206,48475.0,939.0,1631.0,780.0,0.47823421213979156
36005046207,69637.0,1326.0,2869.0,1181.0,0.4116416869989543
36005046208,88817.0,266.0,2221.0,963.0,0.4335884736605133
36005046209,31801.0,851.0,1652.0,1016.0,0.6150121065375302
36005048401,82451.0,321.0,1927.0,732.0,0.37986507524649715
36005048402,,0.0,0.0,0.0,
36005050400,,0.0,0.0,0.0,
36005051601,129109.0,252.0,2002.0,413.0,0.2062937062937063
36005051602,,0.0,0.0,0.0,
36047000100,165188.0,1285.0,2731.0,1206.0,0.4415964848041011
36047000200,78942.0,216.0,618.0,349.0,0.5647249190938511
36047000301,193158.0,1153.0,2219.0,1010.0,0.4551599819738621
36047000501,140795.0,1404.0,2271.0,742.0,0.32672831351827386
36047000502,169313.0,1069.0,1596.0,844.0,0.5288220551378446
36047000700,180515.0,1156.0,2402.0,1404.0,0.5845129059117402
36047000900,218500.0,1638.0,3211.0,1731.0,0.5390843973839925
36047001100,166250.0,689.0,1155.0,659.0,0.5705627705627706
36047001300,148542.0,709.0,1255.0,467.0,0.37211155378486055
36047001501,94323.0,1803.0,2941.0,1608.0,0.5467528051683102
36047001502,130471.0,2328.0,3360.0,1483.0,0.4413690476190476
36047001801,,0.0,0.0,0.0,
36047001802,,0.0,0.0,0.0,
36047001803,,0.0,0.0,0.0,
36047001804,,0.0,0.0,0.0,
36047002000,77969.0,229.0,786.0,380.0,0.48346055979643765
36047002100,250001.0,1089.0,3906.0,1740.0,0.445468509984639
36047002200,40708.0,919.0,1681.0,793.0,0.47174301011302794
36047002300,21841.0,1373.0,996.0,643.0,0.6455823293172691
36047002901,22943.0,1235.0,966.0,644.0,0.6666666666666666
36047003000,122861.0,208.0,783.0,310.0,0.3959131545338442
36047003101,173466.0,898.0,2035.0,1089.0,0.5351351351351351
36047003102,,0.0,0.0,0.0,
36047003300,125778.0,2163.0,2891.0,1623.0,0.5613974403320651
36047003400,103971.0,543.0,1709.0,653.0,0.3820947922761849
36047003500,142813.0,830.0,1461.0,745.0,0.5099247091033539
36047003600,85183.0,962.0,1965.0,956.0,0.4865139949109415
36047003700,169709.0,1855.0,2740.0,1608.0,0.5868613138686132
36047003800,142644.0,151.0,705.0,148.0,0.2099290780141844
36047003900,136307.0,781.0,1567.0,949.0,0.6056158264199106
36047004100,214275.0,892.0,1932.0,1069.0,0.5533126293995859
36047004300,162500.0,1323.0,2549.0,1345.0,0.5276579050608081
36047004400,135474.0,217.0,1048.0,475.0,0.4532442748091603
36047004500,165714.0,883.0,2318.0,978.0,0.42191544434857636
36047004600,,131.0,473.0,180.0,0.38054968287526425
36047004700,145417.0,437.0,1050.0,493.0,0.4695238095238095
36047004900,160694.0,453.0,1342.0,643.0,0.4791356184798808
36047005000,127431.0,207.0,1239.0,399.0,0.3220338983050847
36047005100,167650.0,437.0,1631.0,681.0,0.4175352544451257
36047005201,22625.0,594.0,694.0,305.0,0.43948126801152737
36047005202,103673.0,414.0,1567.0,580.0,0.37013401403956603
36047005301,166302.0,245.0,1418.0,359.0,0.2531734837799718
36047005302,129659.0,24.0,41.0,4.0,0.0975609756097561
36047005303,,0.0,0.0,0.0,
36047005400,79370.0,899.0,1880.0,1018.0,0.5414893617021277
36047005601,72788.0,719.0,1372.0,496.0,0.36151603498542273
36047005602,97750.0,397.0,948.0,436.0,0.459915611814346
36047005800,73483.0,823.0,1477.0,758.0,0.5132024373730535
36047005900,103578.0,235.0,777.0,224.0,0.2882882882882883
36047006000,69583.0,587.0,1299.0,712.0,0.5481139337952271
36047006200,74698.0,555.0,1199.0,660.0,0.5504587155963303
36047006300,175813.0,488.0,1303.0,524.0,0.40214888718342284
36047006400,82439.0,732.0,1549.0,647.0,0.4176888315041963
36047006500,178041.0,1126.0,3549.0,1444.0,0.4068751761059453
36047006600,90074.0,865.0,2127.0,1081.0,0.5082275505406676
36047006700,218393.0,612.0,2107.0,898.0,0.4261983863312767
36047006800,63010.0,1068.0,1658.0,1008.0,0.6079613992762364
36047006901,139384.0,446.0,1060.0,544.0,0.5132075471698113
36047006902,250001.0,570.0,1298.0,577.0,0.4445300462249615
36047007000,81755.0,643.0,1154.0,459.0,0.39774696707105717
36047007100,55521.0,1060.0,1727.0,916.0,0.5303995367689636
36047007200,63352.0,373.0,917.0,599.0,0.653217011995638
36047007400,70508.0,964.0,2493.0,1348.0,0.5407139991977538
36047007500,150854.0,1155.0,3055.0,1415.0,0.46317512274959083
36047007600,57147.0,833.0,2033.0,1228.0,0.6040334481062469
36047007700,199067.0,1430.0,3236.0,1549.0,0.47867737948084055
36047007800,66029.0,1061.0,2493.0,1201.0,0.4817488969113518
36047008000,75125.0,742.0,1667.0,822.0,0.4931013797240552
36047008200,44013.0,1018.0,1819.0,1158.0,0.6366135239142386
36047008400,97232.0,881.0,2106.0,1252.0,0.5944919278252612
36047008500,21988.0,2627.0,2022.0,749.0,0.3704253214638971
36047008600,,0.0,0.0,0.0,
36047008800,64741.0,975.0,1313.0,731.0,0.5567402894135567
36047009001,44026.0,253.0,676.0,353.0,0.522189349112426
36047009002,49565.0,318.0,535.0,351.0,0.6560747663551402
36047009201,76688.0,296.0,937.0,401.0,0.4279615795090715
36047009202,52775.0,877.0,1649.0,862.0,0.5227410551849606
36047009401,47104.0,355.0,855.0,434.0,0.5076023391812865
36047009402,71375.0,521.0,1411.0,482.0,0.3416017009213324
36047009600,75134.0,1349.0,3113.0,1611.0,0.5175072277545776
36047009800,59342.0,1279.0,2855.0,1391.0,0.487215411558669
36047010000,64107.0,1162.0,2554.0,1336.0,0.5231010180109632
36047010100,118906.0,643.0,2455.0,1139.0,0.4639511201629328
36047010200,61643.0,830.0,2190.0,1212.0,0.5534246575342465
36047010401,54250.0,386.0,764.0,365.0,0.47774869109947643
36047010402,31645.0,514.0,750.0,330.0,0.44
36047010601,43625.0,484.0,925.0,468.0,0.505945945945946
36047010602,63232.0,335.0,910.0,400.0,0.43956043956043955
36047010801,68900.0,280.0,903.0,335.0,0.3709856035437431
36047010802,59145.0,338.0,867.0,241.0,0.2779700115340254
36047011000,77500.0,247.0,774.0,356.0,0.4599483204134367
36047011200,52172.0,1087.0,2360.0,1085.0,0.4597457627118644
36047011400,67955.0,517.0,1250.0,332.0,0.2656
36047011600,47197.0,594.0,1477.0,658.0,0.44549763033175355
36047011700,118393.0,646.0,1628.0,932.0,0.5724815724815725
36047011800,61842.0,382.0,784.0,367.0,0.46811224489795916
36047011901,134167.0,295.0,856.0,408.0,0.4766355140186916
36047011902,,0.0,0.0,0.0,
36047012000,69030.0,94.0,438.0,185.0,0.4223744292237443
36047012100,114552.0,450.0,1183.0,707.0,0.5976331360946746
36047012200,54038.0,1118.0,2466.0,1377.0,0.5583941605839416
36047012600,58643.0,343.0,1107.0,528.0,0.47696476964769646
36047012700,117627.0,1113.0,2012.0,1253.0,0.6227634194831014
36047012801,65313.0,372.0,825.0,346.0,0.4193939393939394
36047012901,232530.0,521.0,1654.0,865.0,0.5229746070133011
36047012902,148438.0,1046.0,2003.0,1029.0,0.5137294058911632
36047013000,80246.0,1079.0,2139.0,1068.0,0.4992987377279102
36047013100,134479.0,1232.0,1925.0,1178.0,0.6119480519480519
36047013200,93750.0,235.0,939.0,361.0,0.3844515441959531
36047013300,213227.0,859.0,2589.0,1428.0,0.5515643105446119
36047013400,108654.0,686.0,1999.0,874.0,0.43721860930465234
36047013500,210667.0,602.0,2120.0,808.0,0.38113207547169814
36047013600,104191.0,612.0,2104.0,892.0,0.42395437262357416
36047013700,158594.0,941.0,1935.0,927.0,0.4790697674418605
36047013800,93117.0,572.0,1537.0,796.0,0.5178919973975277
36047013900,163125.0,723.0,2102.0,945.0,0.4495718363463368
36047014000,55250.0,237.0,540.0,162.0,0.3
36047014101,142750.0,260.0,646.0,327.0,0.5061919504643962
36047014102,127768.0,363.0,883.0,602.0,0.681766704416761
36047014200,80476.0,621.0,1731.0,1106.0,0.6389370306181398
36047014300,122344.0,819.0,2055.0,1035.0,0.5036496350364964
36047014500,112596.0,928.0,2707.0,1190.0,0.43960103435537495
36047014700,133194.0,394.0,1243.0,559.0,0.4497184231697506
36047014800,71250.0,136.0,423.0,106.0,0.25059101654846333
36047014901,143859.0,274.0,989.0,532.0,0.537917087967644
36047014902,142625.0,912.0,2591.0,1072.0,0.4137398687765342
36047015000,78235.0,136.0,697.0,198.0,0.28407460545193686
36047015100,192411.0,775.0,2498.0,1199.0,0.4799839871897518
36047015200,87667.0,224.0,1221.0,303.0,0.24815724815724816
36047015300,138182.0,701.0,1514.0,698.0,0.4610303830911493
36047015400,,0.0,0.0,0.0,
36047015500,215583.0,630.0,2113.0,1229.0,0.5816374822527213
36047015700,186686.0,1308.0,3019.0,1612.0,0.5339516396157669
36047015900,203936.0,1646.0,3236.0,1534.0,0.47404202719406674
36047016000,96411.0,961.0,2510.0,1130.0,0.450199203187251
36047016100,168594.0,974.0,2272.0,1173.0,0.5162852112676056
36047016200,87446.0,454.0,1195.0,561.0,0.4694560669456067
36047016300,145481.0,1205.0,2280.0,1206.0,0.5289473684210526
36047016400,136583.0,8.0,436.0,74.0,0.16972477064220184
36047016500,241579.0,1143.0,3794.0,1694.0,0.44649446494464945
36047016600,130417.0,46.0,803.0,229.0,0.2851805728518057
36047016700,207095.0,1283.0,2947.0,1299.0,0.4407872412623006
36047016800,111673.0,149.0,1073.0,453.0,0.42218080149114634
36047016900,155873.0,851.0,3062.0,1506.0,0.4918354016982365
36047017000,98095.0,259.0,1443.0,721.0,0.49965349965349964
36047017100,158269.0,583.0,2173.0,1156.0,0.5319834330418776
36047017200,127188.0,170.0,1506.0,664.0,0.4409030544488712
36047017400,101701.0,157.0,1261.0,581.0,0.4607454401268834
36047017500,,0.0,0.0,0.0,
36047017600,102344.0,285.0,1271.0,574.0,0.45161290322580644
36047017700,,0.0,0.0,0.0,
36047017800,73417.0,326.0,1154.0,579.0,0.5017331022530329
36047017900,110625.0,930.0,1813.0,835.0,0.46056260341974625
36047018000,62637.0,487.0,1270.0,746.0,0.5874015748031496
36047018100,164904.0,1461.0,2518.0,1202.0,0.47736298649722003
36047018200,66083.0,397.0,1537.0,818.0,0.5322055953155498
36047018300,182401.0,624.0,1849.0,743.0,0.4018388318009735
36047018400,69844.0,232.0,971.0,545.0,0.5612770339855818
36047018501,46723.0,1569.0,1869.0,1037.0,0.5548421615837347
36047018600,77500.0,208.0,1092.0,711.0,0.6510989010989011
36047018700,116842.0,260.0,839.0,273.0,0.3253873659117998
36047018800,68304.0,342.0,1431.0,567.0,0.39622641509433965
36047019000,63289.0,842.0,2139.0,943.0,0.44086021505376344
36047019100,148051.0,782.0,1790.0,662.0,0.36983240223463687
36047019200,63807.0,323.0,1031.0,370.0,0.3588748787584869
36047019300,72806.0,1793.0,2397.0,1265.0,0.5277430120984564
36047019400,49309.0,333.0,1516.0,561.0,0.37005277044854884
36047019500,110594.0,1097.0,1951.0,1067.0,0.5468990261404408
36047019600,82500.0,751.0,2087.0,1134.0,0.5433636799233349
36047019700,114191.0,886.0,2125.0,1012.0,0.47623529411764703
36047019800,81719.0,165.0,1033.0,420.0,0.40658276863504356
36047019900,123107.0,1466.0,2235.0,1223.0,0.5472035794183445
36047020000,91750.0,268.0,1024.0,487.0,0.4755859375
36047020100,142589.0,1228.0,2701.0,1405.0,0.5201777119585339
36047020200,87917.0,146.0,804.0,231.0,0.2873134328358209
36047020300,191083.0,407.0,1415.0,560.0,0.3957597173144876
36047020400,95855.0,198.0,870.0,298.0,0.3425287356321839
36047020500,149643.0,1074.0,2354.0,1262.0,0.536108751062022
36047020600,95104.0,113.0,1022.0,386.0,0.3776908023483366
36047020700,175833.0,1424.0,2860.0,1485.0,0.5192307692307693
36047020800,62723.0,653.0,1543.0,633.0,0.4102397926117952
36047021000,64250.0,381.0,1454.0,550.0,0.3782668500687758
36047021100,87850.0,788.0,1412.0,473.0,0.334985835694051
36047021200,62519.0,596.0,1752.0,763.0,0.4355022831050228
36047021300,80275.0,1302.0,2468.0,1533.0,0.6211507293354943
36047021400,78272.0,303.0,1084.0,389.0,0.35885608856088563
36047021500,109130.0,1962.0,3356.0,1734.0,0.5166865315852205
36047021600,37267.0,541.0,1045.0,262.0,0.2507177033492823
36047021700,88828.0,1416.0,1940.0,996.0,0.51340206185567
36047021800,66169.0,324.0,932.0,165.0,0.17703862660944206
36047021900,114750.0,1066.0,2454.0,1293.0,0.5268948655256723
36047022000,44716.0,669.0,1465.0,195.0,0.13310580204778158
36047022100,63636.0,1101.0,1775.0,952.0,0.5363380281690141
36047022200,48594.0,652.0,1317.0,441.0,0.3348519362186788
36047022400,57457.0,523.0,1697.0,566.0,0.33352975839717147
36047022600,79022.0,258.0,754.0,209.0,0.27718832891246686
36047022700,122400.0,1288.0,2344.0,1394.0,0.5947098976109215
36047022800,40089.0,406.0,1056.0,318.0,0.30113636363636365
36047022900,121997.0,1056.0,2272.0,1162.0,0.511443661971831
36047023000,53208.0,593.0,1063.0,309.0,0.29068673565381
36047023100,150288.0,823.0,2176.0,868.0,0.39889705882352944
36047023200,62973.0,564.0,1636.0,182.0,0.11124694376528117
36047023300,80000.0,1235.0,3489.0,1732.0,0.49641731155058755
36047023400,31411.0,913.0,1410.0,311.0,0.22056737588652484
36047023500,65417.0,910.0,1846.0,694.0,0.37594799566630555
36047023600,36524.0,922.0,1679.0,377.0,0.22453841572364502
36047023800,40335.0,709.0,1085.0,199.0,0.18341013824884791
36047024000,43371.0,907.0,1724.0,591.0,0.3428074245939675
36047024100,76528.0,796.0,1679.0,769.0,0.4580107206670637
36047024200,56250.0,241.0,860.0,150.0,0.1744186046511628
36047024300,94107.0,1250.0,2607.0,1737.0,0.666283084004603
36047024400,58342.0,382.0,1137.0,359.0,0.31574318381706246
36047024500,100547.0,1233.0,2704.0,1597.0,0.5906065088757396
36047024600,76652.0,306.0,1326.0,426.0,0.3212669683257919
36047024700,63200.0,973.0,1569.0,713.0,0.4544295729764181
36047024800,61466.0,301.0,944.0,330.0,0.3495762711864407
36047024900,85871.0,1356.0,2298.0,1520.0,0.6614447345517842
36047025000,51875.0,238.0,853.0,331.0,0.388042203985932
36047025100,56111.0,1240.0,2011.0,1266.0,0.6295375435106912
36047025200,54750.0,779.0,1971.0,1169.0,0.5930999492643328
36047025300,87981.0,708.0,1812.0,1083.0,0.597682119205298
36047025400,83637.0,529.0,1250.0,295.0,0.236
36047025500,22291.0,1590.0,1891.0,1357.0,0.7176097303014278
36047025600,69181.0,310.0,1054.0,622.0,0.5901328273244781
36047025700,106579.0,525.0,1573.0,745.0,0.47361729179911
36047025800,57431.0,867.0,1740.0,1045.0,0.6005747126436781
36047025901,75341.0,575.0,1098.0,599.0,0.5455373406193078
36047025902,21674.0,1191.0,1010.0,683.0,0.6762376237623763
36047026000,61118.0,472.0,1306.0,577.0,0.44180704441041346
36047026100,81827.0,1708.0,2932.0,1192.0,0.40654843110504774
36047026200,107760.0,266.0,1258.0,558.0,0.4435612082670906
36047026300,77546.0,685.0,1087.0,638.0,0.5869365225390984
36047026400,73029.0,889.0,2053.0,1212.0,0.5903555772040916
36047026500,77545.0,1269.0,2486.0,1296.0,0.5213193885760258
36047026600,51724.0,470.0,1509.0,612.0,0.40556660039761433
36047026700,121771.0,1138.0,2835.0,1340.0,0.47266313932980597
36047026800,80500.0,714.0,2038.0,859.0,0.42149165848871445
36047026900,89573.0,803.0,1655.0,956.0,0.5776435045317221
36047027000,43269.0,354.0,918.0,248.0,0.2701525054466231
36047027100,96016.0,727.0,1864.0,581.0,0.3116952789699571
36047027200,64286.0,571.0,1792.0,917.0,0.51171875
36047027300,95735.0,748.0,1956.0,798.0,0.40797546012269936
36047027400,51738.0,375.0,1344.0,708.0,0.5267857142857143
36047027500,85466.0,1202.0,2341.0,1523.0,0.6505766766339172
36047027600,60652.0,641.0,1592.0,774.0,0.4861809045226131
36047027700,67926.0,1060.0,1767.0,948.0,0.5365025466893039
36047027800,66113.0,565.0,1459.0,802.0,0.5496915695681974
36047027900,65433.0,879.0,1881.0,821.0,0.4364699627857523
36047028000,84076.0,209.0,764.0,389.0,0.5091623036649214
36047028100,43176.0,1350.0,2211.0,1256.0,0.5680687471732248
36047028200,51646.0,457.0,1290.0,680.0,0.5271317829457365
36047028300,43254.0,1099.0,1471.0,984.0,0.6689326988443236
36047028400,58373.0,700.0,1313.0,564.0,0.42955064737242954
36047028501,55192.0,212.0,318.0,258.0,0.8113207547169812
36047028502,34659.0,938.0,1042.0,749.0,0.718809980806142
36047028600,45918.0,966.0,1995.0,990.0,0.49624060150375937
36047028700,58247.0,932.0,1552.0,778.0,0.5012886597938144
36047028800,58000.0,591.0,1462.0,937.0,0.6409028727770177
36047028900,42456.0,1136.0,1954.0,838.0,0.428863868986694
36047029000,55545.0,940.0,1054.0,513.0,0.48671726755218214
36047029100,101719.0,859.0,2239.0,1099.0,0.49084412684234036
36047029200,45708.0,606.0,1058.0,618.0,0.5841209829867675
36047029300,52361.0,967.0,1458.0,914.0,0.6268861454046639
36047029400,82784.0,296.0,850.0,477.0,0.5611764705882353
36047029500,100750.0,682.0,2321.0,1502.0,0.6471348556656613
36047029600,58407.0,1276.0,2624.0,1688.0,0.6432926829268293
36047029700,86225.0,943.0,2143.0,1324.0,0.6178254783014465
36047029800,55214.0,397.0,1670.0,701.0,0.41976047904191616
36047029900,66989.0,574.0,985.0,629.0,0.6385786802030456
36047030000,52279.0,692.0,1741.0,1144.0,0.6570936243538197
36047030100,110938.0,524.0,1549.0,1033.0,0.6668818592640413
36047030200,83068.0,316.0,1828.0,855.0,0.46772428884026257
36047030300,35679.0,1656.0,1812.0,1148.0,0.6335540838852097
36047030400,53693.0,619.0,1683.0,890.0,0.5288175876411171
36047030500,127313.0,1930.0,4757.0,2257.0,0.4744586924532268
36047030600,55278.0,216.0,769.0,420.0,0.5461638491547465
36047030700,42902.0,2385.0,2293.0,1580.0,0.6890536415176625
36047030800,64545.0,230.0,913.0,419.0,0.4589266155531216
36047030900,67969.0,577.0,997.0,703.0,0.7051153460381143
36047031100,82726.0,768.0,1503.0,732.0,0.4870259481037924
36047031300,98828.0,1522.0,2644.0,1622.0,0.613464447806354
36047031401,81643.0,730.0,2356.0,1113.0,0.4724108658743633
36047031402,,0.0,0.0,0.0,
36047031500,88200.0,1857.0,3546.0,1821.0,0.5135363790186125
36047031701,104056.0,892.0,2769.0,1555.0,0.5615745756590828
36047031702,107106.0,966.0,2370.0,1319.0,0.5565400843881857
36047031900,89468.0,851.0,1438.0,918.0,0.6383866481223922
36047032100,73949.0,1769.0,2838.0,1853.0,0.6529245947850599
36047032300,72353.0,1053.0,1631.0,765.0,0.46903740036787245
36047032500,86282.0,1974.0,3189.0,2079.0,0.651928504233302
36047032600,37183.0,1809.0,2554.0,1178.0,0.46123727486296007
36047032700,68611.0,933.0,1439.0,1040.0,0.7227241139680334
36047032800,45603.0,692.0,975.0,419.0,0.4297435897435897
36047032900,92769.0,1227.0,2428.0,1292.0,0.5321252059308073
36047033000,20329.0,1343.0,1050.0,624.0,0.5942857142857143
36047033100,48306.0,1063.0,1694.0,804.0,0.47461629279811096
36047033300,74115.0,737.0,1629.0,431.0,0.2645794966236955
36047033500,80833.0,361.0,1286.0,587.0,0.45645412130637636
36047033600,83833.0,303.0,2070.0,481.0,0.2323671497584541
36047033701,61456.0,714.0,1067.0,408.0,0.3823805060918463
36047033702,74318.0,217.0,503.0,127.0,0.2524850894632207
36047033900,44947.0,1458.0,2259.0,1172.0,0.518813634351483
36047034000,30194.0,379.0,313.0,100.0,0.3194888178913738
36047034100,81116.0,727.0,1385.0,916.0,0.6613718411552346
36047034200,20706.0,2119.0,1270.0,832.0,0.6551181102362205
36047034300,25083.0,1611.0,1279.0,898.0,0.7021110242376857
36047034500,55774.0,739.0,1550.0,1070.0,0.6903225806451613
36047034700,35992.0,1491.0,1433.0,1051.0,0.7334263782274948
36047034800,57750.0,449.0,942.0,461.0,0.4893842887473461
36047034901,50150.0,672.0,888.0,487.0,0.5484234234234234
36047034902,47444.0,1151.0,1658.0,1284.0,0.7744270205066345
36047035000,50599.0,734.0,1354.0,673.0,0.49704579025110784
36047035101,42429.0,489.0,625.0,487.0,0.7792
36047035102,41250.0,635.0,1109.0,677.0,0.6104598737601443
36047035200,12110.0,623.0,174.0,120.0,0.6896551724137931
36047035301,39688.0,861.0,1089.0,460.0,0.42240587695133147
36047035302,94663.0,537.0,1576.0,874.0,0.5545685279187818
36047035400,56930.0,1310.0,2017.0,964.0,0.4779375309866138
36047035500,54005.0,1335.0,2480.0,1343.0,0.5415322580645161
36047035601,30450.0,774.0,800.0,371.0,0.46375
36047035602,57764.0,1310.0,2562.0,1116.0,0.43559718969555034
36047035701,45296.0,801.0,1034.0,854.0,0.8259187620889749
36047035702,,0.0,0.0,0.0,
36047035900,67264.0,1708.0,2836.0,2094.0,0.7383638928067701
36047036001,28952.0,1314.0,1206.0,477.0,0.39552238805970147
36047036002,38047.0,1728.0,1713.0,635.0,0.37069468768242847
36047036100,21398.0,901.0,735.0,429.0,0.5836734693877551
36047036200,51768.0,736.0,1799.0,661.0,0.3674263479710951
36047036300,34916.0,1423.0,2010.0,1230.0,0.6119402985074627
36047036400,56682.0,601.0,982.0,474.0,0.48268839103869654
36047036501,64531.0,757.0,1359.0,854.0,0.6284032376747608
36047036502,47279.0,288.0,663.0,413.0,0.6229260935143288
36047036600,48075.0,601.0,1751.0,660.0,0.37692747001713306
36047036700,66410.0,370.0,939.0,517.0,0.5505857294994675
36047036900,38036.0,1764.0,2662.0,1908.0,0.7167543200601052
36047037000,79688.0,311.0,1861.0,912.0,0.49005910800644814
36047037100,98281.0,844.0,2530.0,1522.0,0.6015810276679842
36047037300,71518.0,1368.0,2509.0,1766.0,0.703866082104424
36047037401,56667.0,721.0,1638.0,732.0,0.4468864468864469
36047037402,57667.0,938.0,2187.0,814.0,0.37219935985368086
36047037500,80268.0,931.0,2024.0,1275.0,0.6299407114624506
36047037700,77302.0,1008.0,2418.0,1204.0,0.49793217535153017
36047037900,49427.0,890.0,1920.0,1181.0,0.6151041666666667
36047038100,56909.0,1614.0,2735.0,1933.0,0.706764168190128
36047038200,20908.0,1440.0,980.0,718.0,0.7326530612244898
36047038300,82286.0,1122.0,2774.0,1759.0,0.6341023792357606
36047038500,90275.0,860.0,2222.0,1107.0,0.4981998199819982
36047038600,90219.0,323.0,1331.0,395.0,0.29676934635612323
36047038700,76150.0,1098.0,2192.0,1564.0,0.7135036496350365
36047038800,76221.0,652.0,2007.0,915.0,0.45590433482810166
36047038900,83036.0,695.0,1644.0,1027.0,0.6246958637469586
36047039000,78088.0,150.0,830.0,203.0,0.24457831325301205
36047039100,96870.0,1292.0,2681.0,1529.0,0.5703095859753823
36047039200,54276.0,423.0,1359.0,676.0,0.4974245768947756
36047039300,98672.0,1160.0,2469.0,1710.0,0.692588092345079
36047039400,50139.0,361.0,557.0,93.0,0.16696588868940754
36047039500,52188.0,1408.0,2248.0,1370.0,0.6094306049822064
36047039600,82868.0,167.0,878.0,266.0,0.30296127562642367
36047039700,79087.0,796.0,1674.0,1034.0,0.6176821983273596
36047039800,81078.0,295.0,1303.0,560.0,0.4297774366845741
36047039900,61543.0,1037.0,2215.0,1546.0,0.6979683972911964
36047040000,56541.0,328.0,986.0,502.0,0.5091277890466531
36047040100,60750.0,787.0,1829.0,942.0,0.5150355385456533
36047040200,67986.0,382.0,1199.0,593.0,0.4945788156797331
36047040300,86309.0,830.0,2278.0,1494.0,0.655838454784899
36047040400,98482.0,194.0,1299.0,545.0,0.4195535026943803
36047040500,66362.0,373.0,841.0,681.0,0.8097502972651606
36047040600,75885.0,511.0,1917.0,963.0,0.5023474178403756
36047040700,,0.0,0.0,0.0,
36047040800,90000.0,336.0,1528.0,768.0,0.5026178010471204
36047040900,63626.0,768.0,2065.0,1193.0,0.5777239709443099
36047041000,57000.0,221.0,594.0,264.0,0.4444444444444444
36047041100,58377.0,731.0,1498.0,907.0,0.6054739652870494
36047041200,115714.0,453.0,1343.0,415.0,0.3090096798212956
36047041300,86190.0,690.0,2040.0,1015.0,0.49754901960784315
36047041401,52750.0,166.0,405.0,105.0,0.25925925925925924
36047041402,45625.0,320.0,665.0,248.0,0.37293233082706767
36047041500,93211.0,788.0,2760.0,1120.0,0.4057971014492754
36047041600,62050.0,240.0,841.0,320.0,0.380499405469679
36047041700,31250.0,1023.0,1454.0,865.0,0.5949105914718019
36047041800,53830.0,384.0,690.0,186.0,0.26956521739130435
36047041900,62656.0,735.0,1578.0,986.0,0.6248415716096325
36047042000,82606.0,194.0,596.0,218.0,0.36577181208053694
36047042100,97250.0,1044.0,2415.0,1395.0,0.577639751552795
36047042200,67277.0,306.0,1357.0,576.0,0.42446573323507736
36047042300,95506.0,831.0,2524.0,1346.0,0.5332805071315373
36047042400,65278.0,657.0,1571.0,822.0,0.5232336091661363
36047042500,89044.0,770.0,1629.0,862.0,0.529158993247391
36047042600,77500.0,758.0,2163.0,1123.0,0.5191863153028201
36047042700,91750.0,1242.0,2753.0,1564.0,0.5681075190701054
36047042800,78807.0,515.0,1841.0,759.0,0.41227593699076587
36047042900,67908.0,1698.0,2913.0,1922.0,0.6598008925506351
36047043000,52652.0,555.0,1691.0,1136.0,0.6717918391484329
36047043100,86530.0,1264.0,2751.0,1878.0,0.6826608505997819
36047043200,81548.0,720.0,2174.0,1096.0,0.5041398344066237
36047043300,40000.0,935.0,1467.0,1116.0,0.7607361963190185
36047043400,60724.0,551.0,1471.0,837.0,0.5690006798096533
36047043500,82967.0,1099.0,2625.0,1463.0,0.5573333333333333
36047043600,74197.0,641.0,2516.0,1390.0,0.5524642289348172
36047043700,59643.0,1176.0,3067.0,1948.0,0.6351483534398435
36047043800,70344.0,404.0,1181.0,404.0,0.3420829805249788
36047043900,71471.0,593.0,1511.0,915.0,0.6055592322964924
36047044000,85000.0,360.0,1056.0,522.0,0.4943181818181818
36047044100,63378.0,1140.0,2776.0,1437.0,0.5176512968299711
36047044200,69722.0,246.0,775.0,207.0,0.2670967741935484
36047044300,94327.0,1296.0,2970.0,1821.0,0.6131313131313131
36047044400,65500.0,572.0,1274.0,565.0,0.4434850863422292
36047044500,84318.0,914.0,2156.0,1175.0,0.5449907235621522
36047044600,59464.0,221.0,897.0,439.0,0.48940914158305465
36047044700,86595.0,673.0,1179.0,696.0,0.5903307888040712
36047044800,76364.0,269.0,785.0,270.0,0.34394904458598724
36047044901,55156.0,709.0,1287.0,649.0,0.5042735042735043
36047044902,,0.0,0.0,0.0,
36047045000,84583.0,60.0,272.0,56.0,0.20588235294117646
36047045200,71890.0,248.0,1003.0,290.0,0.28913260219341974
36047045300,61420.0,482.0,1043.0,643.0,0.6164908916586769
36047045400,88456.0,175.0,808.0,241.0,0.29826732673267325
36047045600,83289.0,438.0,934.0,361.0,0.38650963597430404
36047045800,87708.0,98.0,370.0,119.0,0.3216216216216216
36047046000,78155.0,597.0,1346.0,567.0,0.4212481426448737
36047046201,40058.0,577.0,847.0,319.0,0.37662337662337664
36047046202,88092.0,118.0,820.0,185.0,0.22560975609756098
36047046400,63654.0,250.0,723.0,145.0,0.20055325034578148
36047046800,39262.0,311.0,792.0,184.0,0.23232323232323232
36047047000,69545.0,174.0,824.0,109.0,0.13228155339805825
36047047200,76833.0,348.0,699.0,103.0,0.1473533619456366
36047047400,61544.0,314.0,716.0,117.0,0.1634078212290503
36047047600,54149.0,424.0,930.0,138.0,0.14838709677419354
36047047700,176190.0,1053.0,2877.0,1490.0,0.5179005908932917
36047047800,57228.0,556.0,1631.0,399.0,0.2446351931330472
36047048000,35088.0,586.0,1039.0,384.0,0.3695861405197305
36047048100,103529.0,843.0,1764.0,886.0,0.5022675736961452
36047048200,53301.0,1265.0,2499.0,1025.0,0.4101640656262505
36047048400,80324.0,699.0,2749.0,934.0,0.33975991269552563
36047048500,106893.0,627.0,1753.0,993.0,0.5664575014261266
36047048600,58722.0,389.0,944.0,477.0,0.5052966101694916
36047048800,72254.0,855.0,1982.0,822.0,0.4147325933400605
36047048900,28503.0,1282.0,1211.0,1024.0,0.8455821635012386
36047049000,69575.0,1416.0,2474.0,1333.0,0.5388035569927243
36047049100,41156.0,2109.0,2812.0,1735.0,0.6169985775248933
36047049200,99444.0,499.0,1449.0,542.0,0.37405106970324364
36047049301,24153.0,837.0,520.0,363.0,0.698076923076923
36047049302,51860.0,1656.0,2538.0,1465.0,0.5772261623325453
36047049400,96791.0,1090.0,2394.0,1168.0,0.4878863826232247
36047049500,101875.0,1124.0,1897.0,1035.0,0.5455983131259884
36047049600,71952.0,704.0,1841.0,962.0,0.5225420966865834
36047049700,129489.0,829.0,2210.0,1102.0,0.4986425339366516
36047049800,73066.0,896.0,2191.0,1261.0,0.5755362848014606
36047049900,101250.0,497.0,1565.0,703.0,0.44920127795527154
36047050001,113780.0,306.0,863.0,507.0,0.5874855156431055
36047050002,117708.0,400.0,961.0,549.0,0.5712799167533819
36047050100,103846.0,978.0,1888.0,1007.0,0.5333686440677966
36047050202,93995.0,442.0,1286.0,725.0,0.5637636080870918
36047050300,151250.0,1021.0,2152.0,1115.0,0.5181226765799256
36047050401,139947.0,561.0,1892.0,913.0,0.48255813953488375
36047050402,136825.0,642.0,1185.0,620.0,0.5232067510548524
36047050500,70361.0,1418.0,2283.0,1734.0,0.759526938239159
36047050600,71316.0,1400.0,3147.0,2171.0,0.6898633619319987
36047050700,54342.0,403.0,778.0,145.0,0.18637532133676094
36047050801,68125.0,1039.0,2016.0,1481.0,0.7346230158730159
36047050803,77625.0,815.0,1617.0,1095.0,0.6771799628942486
36047050804,98729.0,1679.0,3150.0,1961.0,0.6225396825396825
36047050900,35333.0,481.0,1291.0,174.0,0.13477924089852827
36047051001,57464.0,1303.0,1970.0,1088.0,0.5522842639593909
36047051002,60193.0,1303.0,2183.0,1369.0,0.6271186440677966
36047051100,72803.0,1314.0,2360.0,1414.0,0.5991525423728814
36047051200,95236.0,1546.0,3755.0,2969.0,0.7906790945406125
36047051300,126358.0,1830.0,3336.0,2011.0,0.6028177458033573
36047051400,93630.0,1631.0,4145.0,2284.0,0.5510253317249698
36047051500,183056.0,802.0,2092.0,1166.0,0.5573613766730402
36047051601,63672.0,1137.0,2594.0,1575.0,0.6071703932151118
36047051602,66875.0,948.0,1919.0,1427.0,0.7436164669098488
36047051700,191964.0,892.0,1953.0,960.0,0.4915514592933948
36047051800,92098.0,953.0,2010.0,1475.0,0.7338308457711443
36047051900,205184.0,2102.0,4042.0,1908.0,0.47204354280059374
36047052000,118343.0,626.0,1889.0,954.0,0.5050291159343568
36047052300,91111.0,1766.0,2792.0,1421.0,0.5089541547277937
36047052500,30078.0,935.0,1274.0,660.0,0.5180533751962323
36047052600,83152.0,986.0,1984.0,1057.0,0.5327620967741935
36047052700,61563.0,1812.0,3365.0,1922.0,0.5711738484398217
36047052800,120156.0,216.0,927.0,339.0,0.3656957928802589
36047052900,38690.0,599.0,1219.0,524.0,0.4298605414273995
36047053000,68234.0,525.0,1611.0,693.0,0.4301675977653631
36047053101,19392.0,414.0,673.0,153.0,0.22734026745913818
36047053102,66487.0,585.0,1520.0,407.0,0.26776315789473687
36047053200,70816.0,397.0,1043.0,441.0,0.4228187919463087
36047053300,27359.0,1185.0,1493.0,223.0,0.14936369725385132
36047053400,58800.0,670.0,1705.0,793.0,0.46510263929618767
36047053500,27083.0,712.0,1165.0,353.0,0.30300429184549355
36047053700,42143.0,398.0,942.0,48.0,0.050955414012738856
36047053800,67521.0,1205.0,2708.0,1316.0,0.4859675036927622
36047053900,32321.0,579.0,818.0,219.0,0.26772616136919314
36047054200,60750.0,750.0,1521.0,626.0,0.41157133464825774
36047054300,,0.0,0.0,0.0,
36047054400,70927.0,377.0,1694.0,672.0,0.39669421487603307
36047054500,34091.0,1688.0,2302.0,1122.0,0.48740225890529976
36047054600,60725.0,1243.0,2225.0,1117.0,0.5020224719101124
36047054700,77279.0,1564.0,3011.0,1177.0,0.39090003321155764
36047054800,83750.0,275.0,731.0,223.0,0.30506155950752395
36047054900,163269.0,1218.0,2994.0,1280.0,0.42752171008684037
36047055000,58409.0,681.0,1522.0,699.0,0.4592641261498029
36047055100,120841.0,1848.0,3589.0,1473.0,0.4104207300083589
36047055200,91731.0,892.0,1863.0,820.0,0.440150295222759
36047055300,131016.0,966.0,2100.0,1163.0,0.5538095238095239
36047055400,70833.0,905.0,1978.0,1072.0,0.5419615773508595
36047055500,187115.0,2581.0,7191.0,4296.0,0.5974134334584897
36047055600,66048.0,622.0,1341.0,454.0,0.33855331841909025
36047055700,117353.0,714.0,1409.0,593.0,0.42086586231369766
36047055800,68994.0,513.0,1179.0,434.0,0.36810856658184904
36047056000,68859.0,628.0,1432.0,664.0,0.46368715083798884
36047056100,146250.0,963.0,2504.0,1303.0,0.520367412140575
36047056200,122292.0,75.0,639.0,170.0,0.26604068857589985
36047056301,139760.0,977.0,2719.0,1027.0,0.37771239426259656
36047056302,76908.0,613.0,982.0,532.0,0.5417515274949084
36047056400,84524.0,223.0,1115.0,457.0,0.4098654708520179
36047056500,113634.0,1373.0,2153.0,1120.0,0.5202043660009289
36047056600,79236.0,283.0,988.0,464.0,0.46963562753036436
36047056800,88661.0,118.0,672.0,292.0,0.43452380952380953
36047056900,155804.0,490.0,1056.0,530.0,0.5018939393939394
36047057000,77121.0,654.0,1654.0,746.0,0.45102781136638453
36047057100,135188.0,1463.0,2642.0,1320.0,0.4996214988644966
36047057200,40330.0,1414.0,1756.0,793.0,0.4515945330296128
36047057300,106765.0,752.0,1531.0,848.0,0.5538863487916394
36047057400,89125.0,238.0,1364.0,499.0,0.3658357771260997
36047057500,138750.0,1368.0,3386.0,1516.0,0.4477259303012404
36047057600,81711.0,456.0,1425.0,687.0,0.48210526315789476
36047057800,53939.0,546.0,1245.0,625.0,0.5020080321285141
36047057901,140781.0,329.0,756.0,394.0,0.5211640211640212
36047057902,,0.0,0.0,0.0,
36047058000,36984.0,604.0,1591.0,978.0,0.6147077309868008
36047058200,54567.0,471.0,1094.0,633.0,0.5786106032906764
36047058400,71944.0,645.0,1668.0,749.0,0.4490407673860911
36047058600,79143.0,230.0,1132.0,507.0,0.44787985865724383
36047058800,85074.0,583.0,1663.0,778.0,0.4678292242934456
36047058901,100938.0,390.0,989.0,358.0,0.3619817997977755
36047058902,,0.0,0.0,0.0,
36047059000,72292.0,401.0,721.0,451.0,0.6255201109570042
36047059100,130372.0,910.0,2509.0,1083.0,0.4316460741331208
36047059200,54919.0,841.0,1596.0,727.0,0.45551378446115287
36047059300,106389.0,495.0,1385.0,604.0,0.43610108303249095
36047059402,77500.0,556.0,2630.0,870.0,0.33079847908745247
36047059403,79148.0,533.0,1359.0,808.0,0.5945548197203826
36047059404,76179.0,761.0,2176.0,955.0,0.43887867647058826
36047059600,53212.0,469.0,1109.0,369.0,0.3327321911632101
36047059800,80633.0,502.0,1291.0,425.0,0.3292021688613478
36047060000,94482.0,782.0,3055.0,1455.0,0.4762684124386252
36047060600,94722.0,570.0,1599.0,671.0,0.41963727329580985
36047060800,68349.0,583.0,1934.0,494.0,0.25542916235780766
36047061002,78468.0,1170.0,2352.0,1349.0,0.5735544217687075
36047061003,49010.0,346.0,677.0,324.0,0.47858197932053176
36047061004,38137.0,2010.0,2290.0,916.0,0.4
36047061200,148693.0,67.0,499.0,193.0,0.3867735470941884
36047061600,172462.0,98.0,538.0,163.0,0.30297397769516726
36047062000,87052.0,116.0,648.0,132.0,0.2037037037037037
36047062200,66313.0,410.0,1053.0,220.0,0.20892687559354226
36047062600,76125.0,304.0,1330.0,427.0,0.32105263157894737
36047062800,108227.0,203.0,2006.0,479.0,0.23878364905284147
36047063200,87667.0,99.0,688.0,259.0,0.376453488372093
36047063600,117237.0,74.0,574.0,155.0,0.2700348432055749
36047063800,87375.0,137.0,962.0,410.0,0.4261954261954262
36047064000,144750.0,47.0,763.0,216.0,0.28309305373525556
36047064200,70625.0,334.0,879.0,212.0,0.24118316268486917
36047064400,91563.0,233.0,1010.0,346.0,0.3425742574257426
36047064600,92394.0,101.0,723.0,238.0,0.32918395573997233
36047064800,115669.0,108.0,798.0,185.0,0.23182957393483708
36047065000,85022.0,184.0,690.0,197.0,0.2855072463768116
36047065200,94643.0,61.0,467.0,152.0,0.32548179871520344
36047065400,124750.0,20.0,643.0,211.0,0.328149300155521
36047065600,113676.0,135.0,866.0,277.0,0.31986143187066973
36047065800,82917.0,97.0,707.0,263.0,0.371994342291372
36047066000,142907.0,128.0,889.0,318.0,0.3577052868391451
36047066200,70662.0,119.0,535.0,259.0,0.48411214953271026
36047066600,,0.0,0.0,0.0,
36047067000,90272.0,337.0,1351.0,531.0,0.3930421909696521
36047067200,79728.0,164.0,734.0,355.0,0.48365122615803813
36047067400,129028.0,91.0,891.0,332.0,0.372615039281706
36047067600,106833.0,93.0,952.0,428.0,0.4495798319327731
36047067800,101944.0,192.0,1402.0,814.0,0.5805991440798859
36047068000,91625.0,233.0,898.0,430.0,0.47884187082405344
36047068200,101976.0,264.0,1224.0,466.0,0.380718954248366
36047068600,88194.0,229.0,864.0,233.0,0.26967592592592593
36047068800,89750.0,189.0,941.0,404.0,0.4293304994686504
36047069000,102083.0,185.0,969.0,542.0,0.5593395252837977
36047069200,96375.0,217.0,1180.0,450.0,0.3813559322033898
36047069601,91745.0,335.0,1832.0,591.0,0.32259825327510916
36047069602,90917.0,392.0,2682.0,1252.0,0.4668158090976883
36047069800,138688.0,27.0,730.0,113.0,0.1547945205479452
36047070000,90522.0,153.0,713.0,175.0,0.24544179523141654
36047070201,115144.0,176.0,2535.0,504.0,0.19881656804733727
36047070202,,0.0,14.0,0.0,0.0
36047070203,,0.0,0.0,0.0,
36047070601,167857.0,79.0,1176.0,136.0,0.11564625850340136
36047070602,,0.0,0.0,0.0,
36047072000,72305.0,220.0,938.0,449.0,0.47867803837953093
36047072200,54583.0,252.0,1204.0,448.0,0.37209302325581395
36047072400,82218.0,267.0,925.0,431.0,0.46594594594594596
36047072600,98235.0,140.0,1044.0,607.0,0.5814176245210728
36047072800,71218.0,575.0,1595.0,695.0,0.43573667711598746
36047073000,130192.0,282.0,1193.0,608.0,0.509639564124057
36047073200,70250.0,123.0,908.0,333.0,0.3667400881057269
36047073400,96944.0,177.0,774.0,269.0,0.3475452196382429
36047073600,66213.0,410.0,1441.0,700.0,0.4857737682165163
36047073800,52221.0,566.0,1296.0,602.0,0.4645061728395062
36047074000,64211.0,394.0,1751.0,1099.0,0.6276413478012565
36047074200,71940.0,410.0,1208.0,557.0,0.4610927152317881
36047074400,155417.0,81.0,862.0,144.0,0.16705336426914152
36047074600,106923.0,236.0,837.0,277.0,0.3309438470728793
36047074800,88958.0,187.0,677.0,214.0,0.31610044313146235
36047075000,96207.0,359.0,1129.0,419.0,0.37112488928255094
36047075200,156513.0,0.0,403.0,25.0,0.062034739454094295
36047075400,138929.0,50.0,495.0,67.0,0.13535353535353536
36047075600,87396.0,87.0,857.0,160.0,0.1866977829638273
36047075800,55061.0,261.0,459.0,171.0,0.37254901960784315
36047076000,52021.0,560.0,1286.0,637.0,0.4953343701399689
36047076200,52929.0,819.0,1803.0,1004.0,0.5568496949528563
36047076400,81071.0,920.0,2206.0,1326.0,0.6010879419764279
36047076600,76964.0,406.0,1037.0,473.0,0.4561234329797493
36047076800,71250.0,458.0,1627.0,500.0,0.3073140749846343
36047077000,86768.0,516.0,1508.0,883.0,0.5855437665782494
36047077200,83971.0,486.0,1559.0,948.0,0.6080821039127646
36047077400,86455.0,745.0,1831.0,1068.0,0.5832878208629164
36047077600,75335.0,842.0,1635.0,895.0,0.5474006116207951
36047078000,110625.0,80.0,863.0,485.0,0.5619930475086906
36047078200,65183.0,816.0,1638.0,1019.0,0.6221001221001221
36047078400,101000.0,282.0,1180.0,421.0,0.35677966101694913
36047078601,73322.0,723.0,1360.0,840.0,0.6176470588235294
36047078602,70060.0,478.0,970.0,554.0,0.5711340206185567
36047078801,56314.0,429.0,1151.0,753.0,0.6542137271937446
36047078802,61635.0,342.0,630.0,422.0,0.6698412698412698
36047079001,106667.0,222.0,735.0,446.0,0.6068027210884354
36047079002,58859.0,672.0,1462.0,847.0,0.579343365253078
36047079201,76776.0,323.0,705.0,569.0,0.8070921985815603
36047079202,75370.0,459.0,917.0,509.0,0.5550708833151581
36047079400,77153.0,358.0,929.0,491.0,0.5285252960172229
36047079601,69223.0,1145.0,1996.0,1158.0,0.5801603206412825
36047079602,74769.0,1546.0,3280.0,2300.0,0.7012195121951219
36047079801,77214.0,1019.0,1675.0,933.0,0.5570149253731344
36047079802,92757.0,1944.0,3335.0,2209.0,0.662368815592204
36047080000,102431.0,669.0,1952.0,1068.0,0.5471311475409836
36047080200,95781.0,1062.0,2483.0,1211.0,0.4877164720096657
36047080400,56722.0,941.0,1827.0,781.0,0.4274767378215654
36047080600,70954.0,763.0,1909.0,1157.0,0.606076479832373
36047080800,12854.0,628.0,243.0,110.0,0.45267489711934156
36047081000,71607.0,442.0,1419.0,890.0,0.6272022551092319
36047081400,72632.0,511.0,1194.0,572.0,0.47906197654941374
36047081600,100000.0,542.0,1372.0,640.0,0.46647230320699706
36047081800,71464.0,1330.0,2037.0,1290.0,0.6332842415316642
36047082000,55000.0,1813.0,2936.0,1923.0,0.6549727520435967
36047082200,81484.0,2314.0,4228.0,2939.0,0.695127719962157
36047082400,54900.0,1312.0,2604.0,1783.0,0.684715821812596
36047082600,76181.0,1099.0,2168.0,1569.0,0.7237084870848709
36047082800,70380.0,794.0,2053.0,1232.0,0.6000974184120799
36047083000,62177.0,1196.0,3346.0,2368.0,0.7077106993424985
36047083200,93803.0,209.0,1108.0,558.0,0.5036101083032491
36047083400,97500.0,121.0,736.0,381.0,0.5176630434782609
36047083600,91378.0,150.0,915.0,368.0,0.4021857923497268
36047083800,69550.0,261.0,832.0,393.0,0.4723557692307692
36047084000,88646.0,357.0,908.0,506.0,0.5572687224669604
36047084600,59792.0,316.0,889.0,599.0,0.6737907761529809
36047084800,98125.0,224.0,718.0,440.0,0.6128133704735376
36047085000,99519.0,67.0,727.0,342.0,0.47042640990371387
36047085200,,0.0,12.0,9.0,0.75
36047085400,69125.0,424.0,1108.0,593.0,0.5351985559566786
36047085600,76667.0,787.0,1844.0,1169.0,0.6339479392624728
36047085800,54063.0,429.0,761.0,475.0,0.6241787122207622
36047086000,73450.0,636.0,1625.0,881.0,0.5421538461538462
36047086200,58542.0,574.0,1712.0,935.0,0.5461448598130841
36047086400,67143.0,483.0,1238.0,832.0,0.6720516962843296
36047086600,72863.0,497.0,1590.0,709.0,0.4459119496855346
36047086800,52539.0,823.0,1549.0,1111.0,0.7172369270497095
36047087000,59884.0,537.0,1336.0,707.0,0.5291916167664671
36047087200,74219.0,400.0,1524.0,684.0,0.44881889763779526
36047087401,38798.0,1158.0,1315.0,810.0,0.6159695817490495
36047087600,47105.0,410.0,690.0,449.0,0.6507246376811594
36047087800,60947.0,630.0,1218.0,841.0,0.6904761904761905
36047088001,59799.0,363.0,817.0,498.0,0.609547123623011
36047088002,97614.0,132.0,633.0,279.0,0.44075829383886256
36047088200,46461.0,1583.0,2424.0,1404.0,0.5792079207920792
36047088400,43347.0,1217.0,1848.0,1018.0,0.5508658008658008
36047088600,48949.0,1135.0,1612.0,873.0,0.5415632754342432
36047088800,51335.0,1101.0,1833.0,1234.0,0.6732133115111838
36047089000,62667.0,1581.0,2941.0,2040.0,0.6936416184971098
36047089200,28697.0,1321.0,851.0,633.0,0.7438307873090482
36047089400,51221.0,528.0,1074.0,808.0,0.7523277467411545
36047089600,33042.0,1237.0,1540.0,1032.0,0.6701298701298701
36047089800,76726.0,499.0,1181.0,949.0,0.8035563082133785
36047090000,33889.0,1131.0,1442.0,986.0,0.6837725381414702
36047090200,50625.0,664.0,1449.0,990.0,0.6832298136645962
36047090600,24972.0,1527.0,1080.0,669.0,0.6194444444444445
36047090800,23821.0,1156.0,1584.0,985.0,0.6218434343434344
36047091000,16628.0,2201.0,1412.0,1143.0,0.8094900849858357
36047091200,18502.0,1832.0,2392.0,1869.0,0.7813545150501672
36047091600,26581.0,1230.0,1245.0,719.0,0.5775100401606426
36047091800,40525.0,732.0,928.0,505.0,0.5441810344827587
36047092000,39005.0,679.0,623.0,332.0,0.5329052969502408
36047092200,48095.0,789.0,1370.0,706.0,0.5153284671532846
36047092400,33586.0,683.0,697.0,487.0,0.6987087517934003
36047092800,82645.0,353.0,1312.0,660.0,0.5030487804878049
36047093000,94188.0,287.0,1245.0,695.0,0.5582329317269076
36047093200,36042.0,397.0,530.0,447.0,0.8433962264150944
36047093400,86641.0,310.0,1178.0,699.0,0.5933786078098472
36047093600,74402.0,286.0,596.0,274.0,0.4597315436241611
36047093800,78018.0,444.0,1559.0,920.0,0.5901218729955099
36047094401,80064.0,381.0,1441.0,701.0,0.4864677307425399
36047094402,25208.0,1032.0,845.0,668.0,0.7905325443786982
36047094600,90750.0,173.0,957.0,596.0,0.6227795193312434
36047095000,96607.0,386.0,1420.0,848.0,0.5971830985915493
36047095400,93356.0,657.0,2320.0,1094.0,0.47155172413793106
36047095600,98750.0,424.0,2078.0,1265.0,0.6087584215591916
36047095800,70826.0,301.0,1720.0,990.0,0.5755813953488372
36047096000,,0.0,0.0,0.0,
36047096200,84048.0,76.0,773.0,465.0,0.6015523932729625
36047096400,102639.0,333.0,1270.0,717.0,0.5645669291338583
36047096600,67018.0,228.0,982.0,482.0,0.4908350305498982
36047096800,97679.0,133.0,675.0,325.0,0.48148148148148145
36047097000,64716.0,281.0,953.0,602.0,0.6316894018887723
36047097400,85234.0,200.0,1027.0,520.0,0.5063291139240507
36047098200,23639.0,1173.0,1220.0,846.0,0.6934426229508197
36047098400,112450.0,162.0,1027.0,463.0,0.4508276533592989
36047098600,94583.0,273.0,1225.0,738.0,0.6024489795918367
36047098800,75662.0,337.0,1058.0,755.0,0.7136105860113422
36047099000,88537.0,114.0,885.0,375.0,0.423728813559322
36047099200,88429.0,86.0,998.0,432.0,0.43286573146292584
36047099400,89744.0,103.0,921.0,497.0,0.5396308360477742
36047099600,73656.0,448.0,1423.0,731.0,0.5137034434293746
36047099800,91458.0,479.0,1750.0,682.0,0.38971428571428574
36047100400,83872.0,299.0,1396.0,553.0,0.3961318051575931
36047100600,106250.0,270.0,1203.0,579.0,0.48129675810473815
36047100800,89191.0,270.0,946.0,562.0,0.5940803382663847
36047101000,62330.0,415.0,1138.0,623.0,0.5474516695957821
36047101200,89773.0,235.0,1235.0,534.0,0.43238866396761133
36047101400,72367.0,192.0,1007.0,527.0,0.5233366434955313
36047101600,122125.0,18.0,719.0,239.0,0.33240611961057026
36047101800,93243.0,184.0,863.0,267.0,0.3093858632676709
36047102000,109565.0,96.0,1141.0,189.0,0.1656441717791411
36047102200,90000.0,202.0,1068.0,416.0,0.3895131086142322
36047102400,76724.0,142.0,896.0,244.0,0.27232142857142855
36047102600,110592.0,174.0,1334.0,599.0,0.4490254872563718
36047102801,72121.0,89.0,591.0,138.0,0.233502538071066
36047102802,,0.0,0.0,0.0,
36047103401,17824.0,1319.0,1074.0,700.0,0.6517690875232774
36047103402,,0.0,0.0,0.0,
36047105801,23657.0,2628.0,1836.0,926.0,0.5043572984749455
36047105804,45000.0,1992.0,2365.0,1003.0,0.4241014799154334
36047107001,60919.0,1012.0,2067.0,1113.0,0.5384615384615384
36047107002,,0.0,0.0,0.0,
36047107003,,0.0,0.0,0.0,
36047107800,75881.0,842.0,1981.0,974.0,0.491670873296315
36047109800,66985.0,274.0,1037.0,723.0,0.6972034715525555
36047110400,62143.0,909.0,1908.0,795.0,0.4166666666666667
36047110600,29919.0,1321.0,1193.0,756.0,0.633696563285834
36047111000,31674.0,1234.0,818.0,623.0,0.7616136919315404
36047111600,85011.0,329.0,1691.0,978.0,0.5783560023654643
36047111800,80467.0,875.0,1351.0,471.0,0.34863064396743154
36047112000,74089.0,702.0,1526.0,706.0,0.46264744429882043
36047112200,28778.0,807.0,1052.0,690.0,0.655893536121673
36047112400,44375.0,634.0,1606.0,947.0,0.5896637608966376
36047112600,69932.0,1105.0,2192.0,1252.0,0.5711678832116789
36047112800,52477.0,822.0,1580.0,1013.0,0.6411392405063291
36047113000,53263.0,891.0,1564.0,987.0,0.631074168797954
36047113200,47667.0,497.0,936.0,532.0,0.5683760683760684
36047113400,27170.0,894.0,824.0,574.0,0.6966019417475728
36047114201,41657.0,127.0,618.0,218.0,0.35275080906148865
36047114202,62241.0,523.0,1064.0,561.0,0.5272556390977443
36047114400,77957.0,621.0,1030.0,871.0,0.845631067961165
36047114600,83476.0,409.0,1204.0,713.0,0.5921926910299004
36047115000,71429.0,447.0,1137.0,649.0,0.5708003518029904
36047115200,53135.0,442.0,1291.0,593.0,0.45933384972889235
36047115600,28585.0,1113.0,1500.0,819.0,0.546
36047115800,62538.0,441.0,1024.0,757.0,0.7392578125
36047116000,57462.0,393.0,1058.0,438.0,0.41398865784499056
36047116200,59412.0,400.0,1101.0,478.0,0.43415077202543145
36047116400,66557.0,556.0,1401.0,623.0,0.4446823697359029
36047116600,50625.0,623.0,1412.0,684.0,0.48441926345609065
36047116800,65257.0,240.0,1163.0,398.0,0.3422184006878762
36047117000,,534.0,697.0,334.0,0.47919655667144906
36047117201,62273.0,255.0,1090.0,576.0,0.5284403669724771
36047117202,64167.0,933.0,2134.0,1069.0,0.5009372071227741
36047117400,,779.0,2083.0,1156.0,0.5549687950072012
36047117601,73566.0,550.0,1628.0,983.0,0.6038083538083538
36047117602,56970.0,656.0,1236.0,707.0,0.5720064724919094
36047117800,55938.0,179.0,642.0,206.0,0.32087227414330216
36047118000,,0.0,0.0,0.0,
36047118201,87180.0,545.0,1593.0,864.0,0.5423728813559322
36047118202,62237.0,592.0,1451.0,823.0,0.5671950379048932
36047118400,63454.0,765.0,2140.0,1031.0,0.48177570093457944
36047118600,80147.0,285.0,1352.0,690.0,0.5103550295857988
36047118800,56599.0,785.0,1999.0,1049.0,0.5247623811905953
36047119000,39021.0,576.0,591.0,490.0,0.8291032148900169
36047119200,85250.0,584.0,1679.0,833.0,0.49612864800476475
36047119400,69365.0,399.0,2183.0,1275.0,0.5840586349060926
36047119600,50563.0,1255.0,2592.0,1425.0,0.5497685185185185
36047119800,39940.0,713.0,1301.0,782.0,0.601076095311299
36047120000,43546.0,585.0,1212.0,566.0,0.466996699669967
36047120200,114153.0,142.0,700.0,286.0,0.4085714285714286
36047120801,57313.0,728.0,1772.0,1037.0,0.585214446952596
36047120802,33190.0,976.0,1709.0,1052.0,0.6155646576945583
36047120803,72451.0,290.0,1175.0,412.0,0.3506382978723404
36047121000,17708.0,1600.0,969.0,909.0,0.9380804953560371
36047121400,24964.0,1357.0,1056.0,756.0,0.7159090909090909
36047122000,57055.0,1185.0,2630.0,1305.0,0.49619771863117873
36047123700,51157.0,772.0,1716.0,170.0,0.09906759906759907
36047150200,128472.0,319.0,1212.0,546.0,0.4504950495049505
36047152200,224808.0,300.0,2126.0,634.0,0.2982126058325494
36047990100,,0.0,0.0,0.0,
36061000100,,0.0,0.0,0.0,
36061000201,45582.0,803.0,748.0,353.0,0.47192513368983957
36061000202,34710.0,2803.0,2861.0,1288.0,0.4501922404753583
36061000500,,0.0,0.0,0.0,
36061000600,25655.0,4452.0,3404.0,1520.0,0.44653349001175086
36061000700,184730.0,4586.0,7014.0,3866.0,0.5511833475905332
36061000800,28607.0,3786.0,3603.0,1462.0,0.4057729669719678
36061000900,222167.0,733.0,1385.0,539.0,0.3891696750902527
36061001001,109352.0,342.0,865.0,305.0,0.35260115606936415
36061001002,23658.0,2203.0,1634.0,1117.0,0.6835985312117503
36061001200,91154.0,1416.0,1793.0,776.0,0.4327941996653653
36061001300,199576.0,2243.0,3406.0,1733.0,0.5088079859072225
36061001401,89873.0,1067.0,1499.0,738.0,0.4923282188125417
36061001402,46615.0,1480.0,1858.0,1041.0,0.5602798708288482
36061001501,119293.0,2428.0,3818.0,1799.0,0.4711891042430592
36061001502,160466.0,3614.0,6786.0,2746.0,0.40465664603595636
36061001600,46860.0,2944.0,3680.0,1438.0,0.3907608695652174
36061001800,74485.0,2723.0,3776.0,1852.0,0.4904661016949153
36061002000,26031.0,1753.0,1175.0,536.0,0.45617021276595743
36061002100,250001.0,2469.0,4469.0,2038.0,0.45603043186395165
36061002201,35700.0,2302.0,2850.0,1518.0,0.5326315789473685
36061002202,121389.0,853.0,1734.0,653.0,0.37658592848904265
36061002400,17922.0,1457.0,1001.0,619.0,0.6183816183816184
36061002500,21949.0,1766.0,1172.0,599.0,0.5110921501706485
36061002601,35625.0,1714.0,1772.0,894.0,0.5045146726862303
36061002602,71907.0,1426.0,2215.0,1058.0,0.47765237020316026
36061002700,134583.0,482.0,439.0,159.0,0.3621867881548975
36061002800,52305.0,2417.0,3461.0,1865.0,0.5388616006934412
36061002901,11406.0,75.0,2.0,2.0,1.0
36061002902,,1497.0,1445.0,575.0,0.39792387543252594
36061003001,90222.0,1909.0,2944.0,1491.0,0.506453804347826
36061003002,68382.0,1527.0,1763.0,821.0,0.46568349404424275
36061003100,190769.0,631.0,1486.0,439.0,0.29542395693135937
36061003200,88070.0,3576.0,3830.0,2020.0,0.5274151436031331
36061003300,250001.0,1618.0,3459.0,1239.0,0.35819601040763227
36061003400,109148.0,2928.0,4811.0,2170.0,0.4510496778216587
36061003601,55714.0,1210.0,1544.0,651.0,0.4216321243523316
36061003602,144464.0,1310.0,1949.0,843.0,0.4325295023088763
36061003700,246250.0,1352.0,2330.0,1253.0,0.5377682403433477
36061003800,68647.0,4241.0,4987.0,1745.0,0.34990976539001406
36061003900,190588.0,1569.0,3481.0,1411.0,0.40534329215742604
36061004001,122383.0,1832.0,2184.0,715.0,0.3273809523809524
36061004002,153838.0,1826.0,3537.0,1478.0,0.41786824992931865
36061004100,100096.0,2672.0,3843.0,1500.0,0.39032006245121
36061004200,163750.0,1281.0,2700.0,774.0,0.2866666666666667
36061004300,97133.0,2106.0,2252.0,987.0,0.4382770870337478
36061004400,142975.0,5997.0,9414.0,3690.0,0.3919694072657744
36061004500,158393.0,312.0,602.0,246.0,0.40863787375415284
36061004700,148750.0,1254.0,1827.0,827.0,0.4526546250684182
36061004800,173239.0,2127.0,3777.0,1537.0,0.40693672226634897
36061004900,141731.0,1774.0,3037.0,1249.0,0.4112611129404017
36061005000,194750.0,2196.0,3082.0,1538.0,0.4990266060999351
36061005200,193958.0,833.0,1723.0,382.0,0.2217063261752757
36061005400,152018.0,1964.0,3002.0,1541.0,0.5133244503664224
36061005501,190408.0,1220.0,2601.0,641.0,0.24644367550941945
36061005502,138854.0,816.0,1072.0,415.0,0.3871268656716418
36061005600,186028.0,2013.0,2430.0,807.0,0.33209876543209876
36061005700,236250.0,832.0,1704.0,694.0,0.4072769953051643
36061005800,186191.0,2004.0,3045.0,1315.0,0.4318555008210181
36061005900,166250.0,1628.0,3037.0,928.0,0.30556470200856106
36061006000,202632.0,1481.0,2894.0,927.0,0.3203178991015895
36061006100,250001.0,1588.0,2903.0,1129.0,0.38890802617981396
36061006200,96912.0,1090.0,1853.0,615.0,0.3318942255801403
36061006300,172687.0,2523.0,3794.0,1417.0,0.37348444913020556
36061006400,118201.0,3575.0,4888.0,1775.0,0.3631342062193126
36061006500,118698.0,2507.0,4107.0,1476.0,0.3593864134404675
36061006600,126995.0,5334.0,7055.0,2758.0,0.3909284195605953
36061006700,120964.0,2911.0,3676.0,1499.0,0.40778019586507075
36061006800,146051.0,2748.0,4391.0,1274.0,0.2901389205192439
36061006900,231136.0,805.0,1526.0,534.0,0.34993446920052423
36061007001,153902.0,1465.0,2344.0,586.0,0.25
36061007002,143183.0,1867.0,2733.0,763.0,0.2791803878521771
36061007100,173615.0,2281.0,3464.0,1344.0,0.38799076212471134
36061007200,139577.0,3797.0,5413.0,2240.0,0.41381858488823203
36061007300,146964.0,2932.0,3891.0,1831.0,0.4705731174505269
36061007400,192897.0,2491.0,3701.0,1155.0,0.31207781680626856
36061007500,119250.0,1676.0,2406.0,638.0,0.2651704073150457
36061007600,127308.0,1220.0,1645.0,715.0,0.43465045592705165
36061007700,161094.0,2936.0,4039.0,2072.0,0.512998266897747
36061007800,149915.0,4339.0,6392.0,1746.0,0.27315394242803503
36061007900,127188.0,2076.0,2326.0,826.0,0.355116079105761
36061008000,163454.0,2321.0,3619.0,992.0,0.2741088698535507
36061008100,156265.0,3097.0,4637.0,2361.0,0.5091654086693983
36061008200,222273.0,1588.0,2320.0,544.0,0.23448275862068965
36061008300,70986.0,1796.0,2068.0,1226.0,0.59284332688588
36061008400,250001.0,724.0,974.0,381.0,0.39117043121149897
36061008601,161548.0,1298.0,1973.0,343.0,0.17384693360364928
36061008602,,0.0,0.0,0.0,
36061008603,215981.0,1455.0,2601.0,395.0,0.1518646674356017
36061008700,136620.0,2970.0,4146.0,1833.0,0.44211287988422576
36061008800,117442.0,3953.0,5374.0,1459.0,0.2714923706736137
36061008900,95355.0,2453.0,3495.0,1284.0,0.36738197424892705
36061009000,149063.0,3573.0,5019.0,1625.0,0.3237696752341104
36061009100,188867.0,2749.0,4468.0,1800.0,0.40286481647269473
36061009200,166734.0,779.0,948.0,270.0,0.2848101265822785
36061009300,94441.0,4322.0,4916.0,2110.0,0.4292107404393816
36061009400,171875.0,32.0,40.0,4.0,0.1
36061009500,176944.0,1205.0,1714.0,518.0,0.30221703617269546
36061009600,,132.0,197.0,63.0,0.3197969543147208
36061009700,67218.0,2215.0,2474.0,1020.0,0.412287793047696
36061009800,124433.0,3630.0,4706.0,1734.0,0.3684657883552911
36061009901,250001.0,622.0,1331.0,379.0,0.284748309541698
36061009902,148706.0,1677.0,2146.0,655.0,0.30521901211556385
36061009903,175333.0,483.0,643.0,252.0,0.39191290824261277
36061010000,103417.0,995.0,1005.0,271.0,0.26965174129353237
36061010100,97242.0,956.0,1218.0,672.0,0.5517241379310345
36061010200,91157.0,136.0,146.0,13.0,0.08904109589041095
36061010300,103838.0,1457.0,1898.0,915.0,0.482086406743941
36061010400,181333.0,387.0,492.0,110.0,0.22357723577235772
36061010601,224898.0,2575.0,4134.0,827.0,0.20004837929366232
36061010602,190685.0,1614.0,2955.0,458.0,0.15499153976311336
36061010801,169293.0,1519.0,1860.0,396.0,0.2129032258064516
36061010802,131171.0,1916.0,2291.0,745.0,0.325185508511567
36061010803,160111.0,729.0,1089.0,366.0,0.33608815426997246
36061010900,146042.0,80.0,109.0,37.0,0.3394495412844037
36061011000,163371.0,3070.0,4513.0,1609.0,0.35652559273210727
36061011100,102297.0,2576.0,3480.0,1376.0,0.3954022988505747
36061011201,198750.0,452.0,481.0,168.0,0.3492723492723493
36061011202,198000.0,185.0,285.0,40.0,0.14035087719298245
36061011203,204375.0,419.0,581.0,200.0,0.3442340791738382
36061011300,82500.0,40.0,49.0,28.0,0.5714285714285714
36061011401,250001.0,408.0,522.0,70.0,0.13409961685823754
36061011402,176667.0,851.0,1285.0,538.0,0.41867704280155643
36061011500,145521.0,1624.0,2198.0,789.0,0.35896269335759784
36061011600,90938.0,1957.0,2186.0,710.0,0.32479414455626715
36061011700,109740.0,2912.0,3906.0,1516.0,0.38812083973374295
36061011800,159134.0,3516.0,5537.0,2250.0,0.4063572331587502
36061011900,15971.0,977.0,226.0,121.0,0.5353982300884956
36061012000,153086.0,1095.0,1347.0,491.0,0.3645137342242019
36061012101,56935.0,1499.0,1476.0,451.0,0.3055555555555556
36061012102,54735.0,3129.0,2335.0,1207.0,0.5169164882226981
36061012200,231016.0,801.0,1047.0,291.0,0.27793696275071633
36061012400,140250.0,3601.0,5691.0,2657.0,0.4668775259181163
36061012500,137772.0,1336.0,1639.0,513.0,0.31299572910311163
36061012601,104460.0,2545.0,4110.0,1362.0,0.33138686131386863
36061012602,194650.0,1829.0,2889.0,989.0,0.34233298719280025
36061012700,145488.0,3800.0,5586.0,2044.0,0.3659147869674185
36061012800,205685.0,1303.0,2305.0,469.0,0.203470715835141
36061012901,117622.0,3845.0,5456.0,2293.0,0.42027126099706746
36061012902,100991.0,990.0,1687.0,553.0,0.3278008298755187
36061013000,191016.0,1004.0,1735.0,625.0,0.36023054755043227
36061013100,107018.0,1736.0,1886.0,572.0,0.30328738069989397
36061013201,157969.0,1006.0,1510.0,858.0,0.5682119205298013
36061013202,80132.0,1514.0,1906.0,590.0,0.3095487932843652
36061013203,114304.0,2007.0,2926.0,1084.0,0.37047163362952834
36061013300,111223.0,3388.0,4321.0,2100.0,0.48599861143253875
36061013400,140883.0,4634.0,6253.0,2936.0,0.4695346233807772
36061013501,115574.0,2308.0,2728.0,848.0,0.31085043988269795
36061013502,67279.0,2701.0,2975.0,1005.0,0.3378151260504202
36061013601,243496.0,510.0,961.0,140.0,0.14568158168574402
36061013602,161100.0,1452.0,3372.0,945.0,0.2802491103202847
36061013603,120194.0,1769.0,2260.0,1222.0,0.54070796460177
36061013604,159876.0,1635.0,2778.0,1603.0,0.5770338372930166
36061013700,189541.0,2259.0,3660.0,1627.0,0.44453551912568307
36061013800,134167.0,5289.0,7939.0,3262.0,0.41088298274341856
36061013900,91045.0,5811.0,5760.0,2479.0,0.43038194444444444
36061014000,158780.0,2589.0,3846.0,1695.0,0.4407176287051482
36061014200,250001.0,926.0,2063.0,489.0,0.23703344643722735
36061014300,,0.0,0.0,0.0,
36061014401,204073.0,1514.0,2804.0,1338.0,0.47717546362339514
36061014402,141232.0,2796.0,4076.0,2184.0,0.535819430814524
36061014500,198766.0,2458.0,3389.0,1597.0,0.4712304514606078
36061014601,140150.0,1920.0,2442.0,1410.0,0.5773955773955773
36061014602,124125.0,3990.0,4626.0,2953.0,0.6383484651967142
36061014700,221482.0,989.0,1823.0,629.0,0.34503565551289084
36061014801,244250.0,862.0,1417.0,757.0,0.534227240649259
36061014802,161161.0,2267.0,3314.0,1450.0,0.4375377187688594
36061014900,164779.0,1746.0,2941.0,886.0,0.3012580754845291
36061015001,191719.0,583.0,1096.0,503.0,0.45894160583941607
36061015002,250001.0,997.0,2200.0,746.0,0.3390909090909091
36061015101,28191.0,1259.0,888.0,521.0,0.5867117117117117
36061015102,158593.0,3006.0,4248.0,1176.0,0.2768361581920904
36061015200,124571.0,2586.0,3743.0,1879.0,0.5020037403152552
36061015301,141363.0,1597.0,2370.0,434.0,0.1831223628691983
36061015302,170804.0,2393.0,3033.0,1148.0,0.378503132212331
36061015401,113340.0,2530.0,3159.0,1630.0,0.5159860715416271
36061015402,138413.0,989.0,1802.0,1169.0,0.6487236403995561
36061015403,88890.0,1999.0,1850.0,937.0,0.5064864864864865
36061015501,186116.0,1640.0,2841.0,1542.0,0.542766631467793
36061015502,146563.0,1735.0,2680.0,1720.0,0.6417910447761194
36061015601,114409.0,2215.0,3171.0,1696.0,0.5348470514033428
36061015602,51404.0,1033.0,1073.0,657.0,0.6123019571295434
36061015700,154237.0,4857.0,6721.0,3194.0,0.47522690075881563
36061015801,159712.0,1660.0,2743.0,1109.0,0.4043018592781626
36061015802,92303.0,1669.0,2193.0,896.0,0.40857273141814865
36061015900,170496.0,3428.0,5588.0,2644.0,0.47315676449534716
36061016001,250001.0,685.0,1460.0,407.0,0.2787671232876712
36061016002,104146.0,1022.0,1464.0,498.0,0.3401639344262295
36061016100,132396.0,3152.0,3820.0,1854.0,0.48534031413612566
36061016200,26520.0,4017.0,3134.0,1859.0,0.5931716656030632
36061016300,125944.0,2008.0,4015.0,1670.0,0.41594022415940224
36061016400,24789.0,2862.0,2447.0,1358.0,0.554965263588067
36061016500,211888.0,2418.0,3519.0,1830.0,0.5200341005967605
36061016600,44643.0,2508.0,2495.0,1525.0,0.6112224448897795
36061016700,223952.0,2209.0,3532.0,1652.0,0.46772366930917325
36061016800,38281.0,1499.0,1385.0,889.0,0.6418772563176895
36061016900,163500.0,3073.0,4959.0,2532.0,0.5105868118572293
36061017000,42261.0,2660.0,3647.0,2606.0,0.7145599122566493
36061017100,173490.0,2931.0,5355.0,2497.0,0.4662931839402428
36061017200,31068.0,1938.0,2464.0,1650.0,0.6696428571428571
36061017300,122287.0,3543.0,3560.0,2088.0,0.5865168539325842
36061017401,37990.0,1895.0,2165.0,1546.0,0.7140877598152425
36061017402,65391.0,875.0,1419.0,827.0,0.5828047921071177
36061017500,171250.0,3350.0,5247.0,2245.0,0.42786354107108826
36061017700,103065.0,3293.0,4776.0,2478.0,0.5188442211055276
36061017800,40978.0,1589.0,1825.0,1229.0,0.6734246575342466
36061017900,158109.0,3150.0,5914.0,3235.0,0.5470071017923571
36061018000,26321.0,2833.0,2656.0,1537.0,0.5786897590361446
36061018100,108315.0,3099.0,4095.0,2400.0,0.5860805860805861
36061018200,36696.0,2497.0,2684.0,1833.0,0.6829359165424739
36061018300,146918.0,2617.0,4789.0,2237.0,0.46711213196909585
36061018400,34279.0,2784.0,2889.0,2142.0,0.7414330218068536
36061018500,146976.0,1928.0,3105.0,1714.0,0.5520128824476651
36061018600,45221.0,1612.0,2193.0,1116.0,0.5088919288645691
36061018700,135716.0,2685.0,5200.0,2528.0,0.48615384615384616
36061018800,41288.0,1866.0,2620.0,1656.0,0.6320610687022901
36061018900,37641.0,3980.0,4119.0,2521.0,0.6120417577081816
36061019000,92991.0,1035.0,1880.0,1194.0,0.6351063829787233
36061019100,135934.0,3145.0,4942.0,2922.0,0.5912585997571833
36061019200,16911.0,1394.0,1296.0,925.0,0.7137345679012346
36061019300,72865.0,3540.0,5778.0,3231.0,0.559190031152648
36061019400,36458.0,2314.0,2784.0,1658.0,0.5955459770114943
36061019500,113379.0,2467.0,4038.0,2039.0,0.504952947003467
36061019600,21967.0,1670.0,1261.0,896.0,0.7105471847739889
36061019701,49336.0,367.0,508.0,206.0,0.40551181102362205
36061019702,97981.0,780.0,1571.0,887.0,0.5646085295989816
36061019800,96771.0,645.0,1332.0,644.0,0.48348348348348347
36061019900,95313.0,2393.0,3943.0,1516.0,0.3844788232310424
36061020000,70150.0,1219.0,1533.0,875.0,0.5707762557077626
36061020101,151667.0,211.0,891.0,192.0,0.21548821548821548
36061020102,75721.0,1183.0,1944.0,1137.0,0.5848765432098766
36061020300,63819.0,385.0,1593.0,313.0,0.19648462021343377
36061020500,209667.0,766.0,2874.0,621.0,0.2160751565762004
36061020600,48161.0,1391.0,1684.0,1306.0,0.7755344418052257
36061020701,69800.0,966.0,1474.0,552.0,0.37449118046132973
36061020800,92132.0,1551.0,3031.0,1713.0,0.5651600131969647
36061020901,22743.0,1233.0,1071.0,886.0,0.8272642390289449
36061021000,40164.0,2866.0,2427.0,1471.0,0.6060980634528225
36061021100,75954.0,3390.0,5332.0,2440.0,0.4576144036009002
36061021200,77230.0,1946.0,1870.0,940.0,0.5026737967914439
36061021303,59413.0,1889.0,2739.0,1507.0,0.5502008032128514
36061021400,67083.0,1717.0,1817.0,916.0,0.5041276829939461
36061021500,67206.0,1470.0,2179.0,1209.0,0.5548416704910509
36061021600,59784.0,2419.0,4718.0,3162.0,0.6701992369648156
36061021703,,0.0,34.0,18.0,0.5294117647058824
36061021800,42500.0,2103.0,3138.0,1894.0,0.6035691523263225
36061021900,22207.0,1881.0,1782.0,1198.0,0.6722783389450057
36061022000,89756.0,1874.0,4089.0,2183.0,0.5338713621912448
36061022102,92375.0,878.0,1606.0,953.0,0.5933997509339975
36061022200,56705.0,1229.0,1491.0,846.0,0.5674044265593562
36061022301,53900.0,2135.0,4011.0,2019.0,0.5033657442034405
36061022302,34167.0,1276.0,1335.0,951.0,0.7123595505617978
36061022400,30667.0,2292.0,2470.0,1639.0,0.6635627530364372
36061022500,62782.0,3055.0,5632.0,3970.0,0.7049005681818182
36061022600,58596.0,1393.0,2216.0,1293.0,0.5834837545126353
36061022700,61570.0,1868.0,2726.0,1799.0,0.6599413059427733
36061022800,85050.0,1888.0,3882.0,2570.0,0.6620298815043791
36061022900,58924.0,2393.0,4708.0,3155.0,0.6701359388275276
36061023000,34890.0,3268.0,3805.0,2497.0,0.6562417871222076
36061023100,64594.0,2082.0,3925.0,2699.0,0.6876433121019109
36061023200,35438.0,2800.0,3680.0,2546.0,0.6918478260869565
36061023300,86769.0,1925.0,4019.0,2797.0,0.6959442647424733
36061023400,71250.0,2077.0,2456.0,1943.0,0.7911237785016286
36061023501,77222.0,2035.0,4271.0,2658.0,0.6223366892999298
36061023502,42267.0,649.0,727.0,552.0,0.7592847317744154
36061023600,41941.0,2603.0,3026.0,2230.0,0.73694646397885
36061023700,47333.0,2141.0,3248.0,2006.0,0.6176108374384236
36061023802,103068.0,1516.0,1823.0,1176.0,0.6450905101481075
36061023803,77070.0,1148.0,1758.0,1054.0,0.5995449374288965
36061023804,180677.0,1112.0,1744.0,1182.0,0.6777522935779816
36061023900,45036.0,1057.0,1531.0,1092.0,0.713259307642064
36061024000,,0.0,321.0,284.0,0.8847352024922118
36061024100,59054.0,2488.0,3496.0,2324.0,0.6647597254004577
36061024200,31691.0,1630.0,1502.0,1033.0,0.6877496671105193
36061024301,72576.0,1350.0,2589.0,1763.0,0.6809578988026265
36061024302,26301.0,2390.0,2157.0,1478.0,0.6852109411219286
36061024500,51190.0,4798.0,6583.0,4257.0,0.6466656539571624
36061024700,42446.0,2009.0,3713.0,2446.0,0.6587664960948021
36061024900,87917.0,338.0,639.0,294.0,0.460093896713615
36061025100,35647.0,734.0,1042.0,612.0,0.5873320537428023
36061025300,67045.0,3709.0,5002.0,2623.0,0.524390243902439
36061025500,64761.0,1691.0,3007.0,1493.0,0.4965081476554706
36061025700,85952.0,1421.0,2716.0,1529.0,0.562960235640648
36061025900,76047.0,1242.0,2659.0,1555.0,0.5848063181647236
36061026100,49248.0,3297.0,5245.0,3378.0,0.6440419447092469
36061026300,56754.0,2221.0,4284.0,2604.0,0.6078431372549019
36061026500,98086.0,1913.0,4026.0,2625.0,0.6520119225037257
36061026700,61667.0,280.0,898.0,410.0,0.45657015590200445
36061026900,65743.0,1813.0,4117.0,2595.0,0.6303133349526354
36061027100,81890.0,2411.0,4615.0,3418.0,0.7406283856988083
36061027300,118346.0,2356.0,4575.0,2175.0,0.47540983606557374
36061027500,165000.0,1206.0,1851.0,806.0,0.43544030253916804
36061027700,37681.0,1910.0,2462.0,1895.0,0.7696994313566207
36061027900,57671.0,3176.0,5139.0,3468.0,0.6748394629305312
36061028100,112969.0,966.0,1768.0,679.0,0.38404977375565613
36061028300,67417.0,2205.0,3944.0,2365.0,0.5996450304259635
36061028500,47148.0,2161.0,3448.0,2037.0,0.5907772621809745
36061028700,77648.0,1341.0,2181.0,1301.0,0.5965153599266392
36061029100,55231.0,3262.0,5628.0,3641.0,0.6469438521677328
36061029300,43866.0,2194.0,3672.0,2114.0,0.5757080610021786
36061029500,78209.0,2491.0,4590.0,3004.0,0.6544662309368192
36061029700,,0.0,0.0,0.0,
36061029900,29038.0,1154.0,1194.0,702.0,0.5879396984924623
36061030300,85114.0,1253.0,2263.0,1496.0,0.6610693769332744
36061030700,113510.0,937.0,2383.0,1186.0,0.49769198489299205
36061030900,44498.0,2666.0,3705.0,2284.0,0.6164642375168691
36061031100,,0.0,0.0,0.0,
36061031703,250001.0,1775.0,3669.0,1319.0,0.3594985009539384
36061031704,233346.0,3737.0,7424.0,3310.0,0.4458512931034483
36061031900,,0.0,0.0,0.0,
36081000101,124885.0,1232.0,2930.0,1185.0,0.4044368600682594
36081000102,213750.0,1363.0,3674.0,2602.0,0.7082199237887861
36081000103,,0.0,0.0,0.0,
36081000104,,0.0,26.0,26.0,1.0
36081000200,72200.0,285.0,1265.0,767.0,0.6063241106719368
36081000400,78454.0,352.0,1919.0,927.0,0.48306409588327254
36081000600,75074.0,334.0,1409.0,846.0,0.6004258339247693
36081000701,145922.0,801.0,2125.0,1118.0,0.5261176470588236
36081000702,125114.0,1001.0,2097.0,1178.0,0.5617548879351455
36081000800,103671.0,288.0,1437.0,839.0,0.5838552540013918
36081001000,88250.0,339.0,2343.0,1598.0,0.6820315834400341
36081001200,74870.0,523.0,1858.0,1086.0,0.5844994617868676
36081001400,81034.0,253.0,2271.0,1265.0,0.5570233377366799
36081001600,76250.0,339.0,1163.0,733.0,0.6302665520206363
36081001800,100000.0,174.0,1475.0,728.0,0.4935593220338983
36081001901,170078.0,440.0,918.0,617.0,0.6721132897603486
36081001902,157877.0,1785.0,3965.0,2238.0,0.5644388398486759
36081001903,154432.0,458.0,941.0,628.0,0.667375132837407
36081002000,87833.0,155.0,643.0,240.0,0.37325038880248834
36081002200,78018.0,196.0,1129.0,581.0,0.5146147032772365
36081002400,61042.0,177.0,846.0,404.0,0.47754137115839246
36081002500,21667.0,2718.0,1669.0,1105.0,0.6620730976632714
36081002600,123281.0,144.0,830.0,279.0,0.336144578313253
36081002800,87899.0,455.0,1931.0,791.0,0.4096323148627654
36081003000,84750.0,83.0,717.0,239.0,0.3333333333333333
36081003100,95556.0,388.0,836.0,405.0,0.48444976076555024
36081003200,113462.0,169.0,875.0,450.0,0.5142857142857142
36081003301,154420.0,1097.0,2244.0,1411.0,0.6287878787878788
36081003302,53417.0,286.0,427.0,220.0,0.5152224824355972
36081003400,79728.0,259.0,1062.0,491.0,0.4623352165725047
36081003600,86582.0,367.0,1808.0,595.0,0.3290929203539823
36081003700,,0.0,0.0,0.0,
36081003800,85859.0,208.0,1202.0,585.0,0.48668885191347755
36081003900,53468.0,233.0,672.0,328.0,0.4880952380952381
36081004001,82176.0,156.0,1170.0,522.0,0.4461538461538462
36081004002,46552.0,129.0,423.0,202.0,0.47754137115839246
36081004200,92677.0,326.0,1881.0,839.0,0.4460393407761829
36081004300,24125.0,684.0,597.0,286.0,0.47906197654941374
36081004401,73182.0,391.0,1678.0,825.0,0.49165673420738976
36081004500,76688.0,792.0,1293.0,763.0,0.5901005413766435
36081004700,56758.0,1461.0,1621.0,1141.0,0.7038864898210981
36081005000,,0.0,0.0,0.0,
36081005100,79155.0,471.0,1268.0,660.0,0.5205047318611987
36081005200,79342.0,210.0,1430.0,585.0,0.4090909090909091
36081005300,112258.0,1530.0,3339.0,2050.0,0.6139562743336329
36081005400,79865.0,638.0,2807.0,1398.0,0.4980406127538297
36081005500,132500.0,286.0,660.0,398.0,0.603030303030303
36081005700,94884.0,1319.0,2527.0,1651.0,0.6533438860308667
36081005800,91075.0,276.0,2930.0,1331.0,0.4542662116040956
36081005900,88099.0,1083.0,2046.0,1275.0,0.6231671554252199
36081006100,111923.0,2034.0,3588.0,2429.0,0.6769788182831661
36081006201,71699.0,650.0,2575.0,770.0,0.29902912621359223
36081006202,72061.0,343.0,2575.0,730.0,0.283495145631068
36081006300,114783.0,1715.0,3908.0,2476.0,0.6335721596724667
36081006501,102375.0,1043.0,2020.0,1057.0,0.5232673267326733
36081006502,81556.0,1126.0,2032.0,1496.0,0.7362204724409449
36081006900,117167.0,964.0,2289.0,945.0,0.41284403669724773
36081007100,114917.0,1192.0,2172.0,1220.0,0.5616942909760589
36081007300,112500.0,1531.0,2521.0,1634.0,0.6481554938516462
36081007500,82838.0,1504.0,2364.0,1153.0,0.4877326565143824
36081007700,118125.0,548.0,1124.0,611.0,0.5435943060498221
36081007900,109598.0,583.0,1518.0,858.0,0.5652173913043478
36081008100,116875.0,202.0,783.0,380.0,0.48531289910600256
36081008300,89500.0,443.0,1137.0,697.0,0.6130167106420404
36081008500,103625.0,190.0,573.0,236.0,0.4118673647469459
36081008600,66875.0,249.0,1233.0,610.0,0.49472830494728304
36081008700,16639.0,974.0,716.0,392.0,0.547486033519553
36081008800,113891.0,182.0,1592.0,453.0,0.28454773869346733
36081009100,94881.0,285.0,1042.0,448.0,0.42994241842610365
36081009400,89792.0,312.0,1280.0,584.0,0.45625
36081009500,104028.0,326.0,1203.0,684.0,0.5685785536159601
36081009600,105156.0,193.0,1585.0,594.0,0.3747634069400631
36081009700,117500.0,599.0,2335.0,1206.0,0.5164882226980728
36081009800,78875.0,318.0,1183.0,519.0,0.43871513102282333
36081009900,,0.0,0.0,0.0,
36081010000,112390.0,220.0,1715.0,647.0,0.3772594752186589
36081010100,105063.0,392.0,1562.0,591.0,0.37836107554417414
36081010200,99265.0,237.0,1553.0,882.0,0.5679330328396651
36081010300,76118.0,998.0,2284.0,1161.0,0.5083187390542907
36081010400,81552.0,268.0,1400.0,546.0,0.39
36081010500,61589.0,769.0,1986.0,988.0,0.49748237663645517
36081010600,112083.0,174.0,1544.0,610.0,0.3950777202072539
36081010701,,0.0,0.0,0.0,
36081010800,88224.0,267.0,1587.0,594.0,0.3742911153119093
36081011000,81563.0,245.0,1392.0,684.0,0.49137931034482757
36081011100,97465.0,493.0,1434.0,823.0,0.5739191073919108
36081011200,64741.0,174.0,1227.0,565.0,0.46047269763651183
36081011300,94300.0,1072.0,2594.0,1584.0,0.6106399383191982
36081011400,107670.0,104.0,964.0,291.0,0.30186721991701243
36081011500,106458.0,646.0,1462.0,808.0,0.5526675786593708
36081011600,66250.0,135.0,1047.0,389.0,0.37153772683858644
36081011700,114797.0,713.0,2586.0,1332.0,0.5150812064965197
36081011800,81628.0,82.0,1579.0,746.0,0.47245091830272323
36081011900,76889.0,322.0,872.0,397.0,0.4552752293577982
36081012000,93763.0,237.0,1304.0,511.0,0.3918711656441718
36081012100,97500.0,291.0,1147.0,527.0,0.4594594594594595
36081012200,89063.0,227.0,1504.0,614.0,0.40824468085106386
36081012301,115735.0,452.0,1557.0,769.0,0.4938985228002569
36081012400,84219.0,385.0,1937.0,1187.0,0.6128033040784718
36081012500,94250.0,283.0,817.0,519.0,0.6352509179926561
36081012601,75135.0,220.0,1332.0,614.0,0.46096096096096095
36081012602,78537.0,199.0,1357.0,632.0,0.4657332350773766
36081012800,96755.0,190.0,1160.0,555.0,0.47844827586206895
36081013000,71719.0,255.0,892.0,247.0,0.2769058295964126
36081013200,76250.0,253.0,1004.0,223.0,0.22211155378486055
36081013400,79722.0,1109.0,2501.0,1078.0,0.43102758896441423
36081013500,97167.0,163.0,542.0,181.0,0.3339483394833948
36081013600,79968.0,456.0,993.0,451.0,0.45417925478348437
36081013700,113708.0,296.0,1159.0,518.0,0.4469370146678171
36081013800,100833.0,476.0,2033.0,1060.0,0.5213969503197246
36081014000,109042.0,457.0,1981.0,774.0,0.39071176173649674
36081014100,98281.0,370.0,1024.0,607.0,0.5927734375
36081014201,58152.0,517.0,2229.0,860.0,0.3858232391206819
36081014202,63986.0,217.0,872.0,455.0,0.5217889908256881
36081014300,84543.0,1027.0,2024.0,1290.0,0.6373517786561265
36081014400,64464.0,225.0,612.0,343.0,0.5604575163398693
36081014500,78750.0,506.0,1382.0,876.0,0.6338639652677279
36081014700,76875.0,848.0,1620.0,933.0,0.575925925925926
36081014800,,57.0,862.0,308.0,0.35730858468677495
36081014900,64635.0,741.0,1349.0,666.0,0.4936990363232024
36081015000,112900.0,120.0,1110.0,383.0,0.345045045045045
36081015100,78468.0,631.0,1746.0,1137.0,0.6512027491408935
36081015200,80787.0,161.0,1065.0,441.0,0.4140845070422535
36081015300,76979.0,496.0,1145.0,560.0,0.4890829694323144
36081015400,89940.0,195.0,1041.0,487.0,0.4678194044188281
36081015500,103971.0,504.0,1290.0,922.0,0.7147286821705426
36081015600,78750.0,178.0,1360.0,712.0,0.5235294117647059
36081015700,68277.0,504.0,795.0,420.0,0.5283018867924528
36081015801,92194.0,138.0,2008.0,770.0,0.3834661354581673
36081015802,103800.0,285.0,2308.0,1058.0,0.4584055459272097
36081015900,85718.0,1104.0,1993.0,1246.0,0.6251881585549423
36081016100,95096.0,406.0,1226.0,831.0,0.6778140293637847
36081016300,40313.0,1196.0,1191.0,507.0,0.4256926952141058
36081016400,94632.0,161.0,1632.0,601.0,0.36825980392156865
36081016600,66715.0,296.0,2010.0,843.0,0.41940298507462687
36081016800,111771.0,99.0,1837.0,726.0,0.39520958083832336
36081016900,74916.0,1429.0,3058.0,1543.0,0.5045781556572924
36081017000,92115.0,111.0,1255.0,531.0,0.4231075697211155
36081017101,,0.0,0.0,0.0,
36081017102,,4.0,20.0,16.0,0.8
36081017200,79643.0,114.0,836.0,308.0,0.3684210526315789
36081017400,102663.0,95.0,1261.0,332.0,0.2632831086439334
36081017600,70750.0,186.0,983.0,585.0,0.595116988809766
36081017800,74609.0,259.0,1138.0,585.0,0.5140597539543058
36081017901,66379.0,359.0,559.0,271.0,0.4847942754919499
36081017902,,0.0,9.0,9.0,1.0
36081018000,84643.0,62.0,490.0,182.0,0.37142857142857144
36081018101,81441.0,1177.0,2130.0,1483.0,0.6962441314553991
36081018102,83995.0,1230.0,1884.0,1195.0,0.6342887473460722
36081018200,81977.0,142.0,1453.0,559.0,0.3847212663454921
36081018300,84761.0,1336.0,2820.0,1510.0,0.5354609929078015
36081018401,55179.0,319.0,844.0,398.0,0.471563981042654
36081018402,92344.0,138.0,1344.0,441.0,0.328125
36081018501,80728.0,884.0,2011.0,930.0,0.46245648930880157
36081018502,111875.0,1151.0,1976.0,1224.0,0.6194331983805668
36081018600,88636.0,170.0,982.0,366.0,0.3727087576374745
36081018700,90817.0,562.0,1625.0,1136.0,0.699076923076923
36081018800,110417.0,112.0,760.0,298.0,0.39210526315789473
36081018900,81106.0,447.0,1332.0,850.0,0.6381381381381381
36081019000,80282.0,141.0,1166.0,488.0,0.41852487135506006
36081019200,91681.0,138.0,897.0,389.0,0.4336677814938685
36081019400,85571.0,162.0,1365.0,542.0,0.39706959706959705
36081019600,89808.0,274.0,1594.0,867.0,0.5439146800501882
36081019800,75625.0,240.0,1437.0,619.0,0.43075852470424497
36081019901,53958.0,41.0,126.0,61.0,0.48412698412698413
36081019902,,0.0,7.0,7.0,1.0
36081019903,,0.0,0.0,0.0,
36081020200,77440.0,47.0,750.0,256.0,0.3413333333333333
36081020400,61433.0,342.0,1045.0,638.0,0.6105263157894737
36081020500,64583.0,76.0,572.0,400.0,0.6993006993006993
36081020600,75114.0,130.0,758.0,393.0,0.5184696569920845
36081020800,70417.0,279.0,1555.0,663.0,0.42636655948553054
36081021200,60250.0,257.0,1314.0,782.0,0.5951293759512938
36081021400,64643.0,1006.0,2160.0,1208.0,0.5592592592592592
36081021601,99630.0,716.0,1736.0,917.0,0.5282258064516129
36081021602,69178.0,215.0,592.0,206.0,0.34797297297297297
36081021603,,0.0,0.0,0.0,
36081021900,,0.0,0.0,0.0,
36081022001,84375.0,1091.0,3270.0,1557.0,0.4761467889908257
36081022002,103207.0,752.0,3610.0,1560.0,0.43213296398891965
36081022900,,0.0,0.0,0.0,
36081023000,108646.0,61.0,854.0,297.0,0.3477751756440281
36081023200,82600.0,711.0,2582.0,955.0,0.36986831913245544
36081023501,57340.0,788.0,2231.0,1100.0,0.49305244285073957
36081023502,72000.0,768.0,1764.0,1150.0,0.6519274376417233
36081023600,68750.0,510.0,1337.0,646.0,0.4831712789827973
36081023800,68024.0,971.0,2551.0,1453.0,0.5695805566444532
36081024000,63667.0,1200.0,3474.0,1991.0,0.5731145653425446
36081024300,64162.0,498.0,2629.0,1099.0,0.41802966907569417
36081024500,61439.0,804.0,2126.0,1154.0,0.5428033866415805
36081024600,,0.0,0.0,0.0,
36081024700,59811.0,267.0,777.0,470.0,0.6048906048906049
36081024900,70676.0,807.0,2636.0,1353.0,0.5132776934749621
36081025100,96032.0,1258.0,3201.0,1977.0,0.6176194939081537
36081025301,65667.0,1228.0,2109.0,1393.0,0.6605026078710289
36081025302,77188.0,798.0,1874.0,1082.0,0.5773745997865528
36081025401,92121.0,230.0,1612.0,516.0,0.3200992555831266
36081025402,40068.0,1153.0,1923.0,807.0,0.41965678627145087
36081025500,92426.0,203.0,858.0,380.0,0.4428904428904429
36081025700,81806.0,220.0,767.0,512.0,0.6675358539765319
36081025800,91471.0,82.0,1011.0,454.0,0.44906033630069236
36081025900,71750.0,624.0,1897.0,1161.0,0.6120189773326304
36081026000,68892.0,303.0,1168.0,765.0,0.6549657534246576
36081026100,63750.0,1471.0,3615.0,2519.0,0.6968188105117565
36081026200,77200.0,81.0,654.0,306.0,0.46788990825688076
36081026300,82481.0,953.0,3081.0,1843.0,0.5981824083089906
36081026400,72083.0,249.0,1104.0,454.0,0.411231884057971
36081026501,51359.0,641.0,1419.0,676.0,0.4763918252290345
36081026502,108720.0,220.0,810.0,481.0,0.5938271604938271
36081026600,26875.0,421.0,573.0,143.0,0.24956369982547993
36081026700,50316.0,1799.0,2609.0,1911.0,0.7324645458029897
36081026901,61488.0,1163.0,2338.0,1618.0,0.6920444824636441
36081026902,55298.0,939.0,2110.0,1521.0,0.7208530805687203
36081027000,111139.0,93.0,986.0,407.0,0.4127789046653144
36081027101,58906.0,1308.0,2603.0,1602.0,0.6154437187860161
36081027102,71031.0,769.0,1389.0,1065.0,0.7667386609071274
36081027200,83816.0,147.0,1101.0,618.0,0.5613079019073569
36081027301,63110.0,537.0,1371.0,539.0,0.39314369073668853
36081027302,52404.0,691.0,2032.0,1362.0,0.6702755905511811
36081027400,63267.0,86.0,1019.0,329.0,0.3228655544651619
36081027500,54986.0,1203.0,3650.0,2025.0,0.5547945205479452
36081027600,95893.0,119.0,732.0,322.0,0.43989071038251365
36081027701,61257.0,848.0,1748.0,675.0,0.38615560640732266
36081027702,75702.0,824.0,2097.0,1143.0,0.5450643776824035
36081027800,48889.0,493.0,884.0,426.0,0.4819004524886878
36081027900,81165.0,1183.0,3839.0,1760.0,0.4584527220630373
36081028000,70465.0,138.0,585.0,191.0,0.3264957264957265
36081028100,71832.0,1245.0,3163.0,1677.0,0.5301928548846032
36081028200,66071.0,254.0,875.0,388.0,0.44342857142857145
36081028300,76747.0,2158.0,3793.0,2377.0,0.6266807276562089
36081028400,103664.0,135.0,2112.0,616.0,0.2916666666666667
36081028500,101250.0,1145.0,2753.0,1520.0,0.5521249545949873
36081028700,74543.0,1994.0,3265.0,1529.0,0.4683001531393568
36081028801,94821.0,201.0,1016.0,453.0,0.44586614173228345
36081028802,84835.0,123.0,972.0,366.0,0.3765432098765432
36081028803,,0.0,0.0,0.0,
36081028900,75547.0,1153.0,2710.0,1261.0,0.4653136531365314
36081029100,63740.0,1534.0,2818.0,1639.0,0.5816181689141235
36081029300,70452.0,141.0,566.0,241.0,0.42579505300353354
36081029400,100044.0,765.0,3743.0,1538.0,0.410900347314988
36081029500,84972.0,976.0,2175.0,1375.0,0.632183908045977
36081029700,98125.0,186.0,1204.0,610.0,0.5066445182724253
36081029900,,0.0,0.0,0.0,
36081030600,93537.0,198.0,2168.0,603.0,0.27813653136531363
36081030903,80385.0,514.0,2254.0,1029.0,0.45652173913043476
36081030904,55406.0,275.0,1108.0,436.0,0.3935018050541516
36081030905,93125.0,221.0,1186.0,306.0,0.2580101180438449
36081030906,79075.0,595.0,2016.0,873.0,0.4330357142857143
36081031700,71822.0,492.0,1934.0,949.0,0.4906928645294726
36081032000,93692.0,231.0,2299.0,876.0,0.3810352327098739
36081032700,60398.0,269.0,1064.0,522.0,0.4906015037593985
36081032800,92500.0,94.0,1263.0,349.0,0.276326207442597
36081032900,55529.0,153.0,1100.0,486.0,0.44181818181818183
36081033000,96357.0,346.0,3139.0,1087.0,0.34628862695125834
36081033100,,0.0,0.0,0.0,
36081033401,67331.0,326.0,1643.0,661.0,0.4023128423615338
36081033403,51520.0,1255.0,1865.0,1232.0,0.6605898123324396
36081033404,34237.0,786.0,2387.0,942.0,0.3946376204440721
36081033405,77161.0,246.0,1605.0,518.0,0.32274143302180686
36081033700,98832.0,293.0,1309.0,574.0,0.4385026737967914
36081033900,61627.0,309.0,1009.0,442.0,0.4380574826560951
36081034700,71464.0,269.0,1383.0,577.0,0.41720896601590746
36081035100,73536.0,637.0,1736.0,1007.0,0.5800691244239631
36081035200,105750.0,119.0,1271.0,406.0,0.31943351691581434
36081035300,101607.0,218.0,1019.0,672.0,0.6594700686947988
36081035700,84242.0,171.0,1598.0,539.0,0.33729662077596995
36081035800,89570.0,235.0,2166.0,735.0,0.33933518005540164
36081036100,71433.0,252.0,1058.0,609.0,0.5756143667296786
36081036300,74148.0,241.0,1079.0,775.0,0.7182576459684893
36081036500,67625.0,356.0,1241.0,816.0,0.6575342465753424
36081036600,76181.0,271.0,1522.0,561.0,0.36859395532194483
36081036700,54750.0,240.0,820.0,477.0,0.5817073170731707
36081036800,85455.0,114.0,1248.0,687.0,0.5504807692307693
36081037100,69424.0,53.0,636.0,198.0,0.3113207547169811
36081037300,78413.0,202.0,1021.0,479.0,0.4691478942213516
36081037501,56458.0,194.0,620.0,471.0,0.7596774193548387
36081037502,68725.0,369.0,1289.0,739.0,0.5733126454615981
36081037600,112708.0,373.0,2925.0,695.0,0.2376068376068376
36081037700,88286.0,436.0,2018.0,1433.0,0.7101090188305252
36081037900,77904.0,1016.0,3644.0,2337.0,0.6413282107574094
36081038100,75521.0,679.0,4166.0,2695.0,0.6469035045607298
36081038301,,0.0,0.0,0.0,
36081038302,,0.0,0.0,0.0,
36081038400,97946.0,119.0,1123.0,408.0,0.3633125556544969
36081039400,99950.0,217.0,1343.0,532.0,0.39612807148175727
36081039800,123864.0,100.0,999.0,328.0,0.3283283283283283
36081039901,111563.0,152.0,1063.0,546.0,0.5136406396989652
36081039902,57784.0,294.0,830.0,587.0,0.7072289156626506
36081040000,96354.0,63.0,808.0,396.0,0.4900990099009901
36081040101,58512.0,387.0,1258.0,872.0,0.6931637519872814
36081040102,71283.0,696.0,2708.0,1800.0,0.6646971935007385
36081040200,131761.0,64.0,903.0,326.0,0.3610188261351052
36081040301,34457.0,611.0,1639.0,1116.0,0.6809029896278218
36081040302,75385.0,563.0,2218.0,1292.0,0.5825067628494139
36081040400,85063.0,426.0,2406.0,884.0,0.36741479634247715
36081040501,95159.0,171.0,392.0,275.0,0.701530612244898
36081040502,88893.0,268.0,1382.0,994.0,0.7192474674384949
36081040701,79558.0,480.0,1717.0,1125.0,0.6552125800815376
36081040702,93182.0,494.0,2591.0,1739.0,0.6711694326514859
36081040901,98750.0,196.0,1098.0,665.0,0.6056466302367942
36081040902,70104.0,674.0,1863.0,1310.0,0.703166935050993
36081041100,64568.0,768.0,1895.0,1207.0,0.6369393139841689
36081041300,71932.0,604.0,2328.0,1676.0,0.7199312714776632
36081041400,86495.0,225.0,2319.0,997.0,0.42992669253988786
36081041500,65112.0,622.0,1965.0,1244.0,0.6330788804071247
36081042400,77445.0,144.0,1183.0,424.0,0.3584108199492815
36081042600,,0.0,42.0,42.0,1.0
36081042700,52007.0,818.0,2625.0,1200.0,0.45714285714285713
36081043200,88355.0,27.0,538.0,210.0,0.3903345724907063
36081043400,98274.0,144.0,841.0,223.0,0.26516052318668254
36081043701,74205.0,364.0,1254.0,673.0,0.5366826156299841
36081043702,61649.0,1216.0,3520.0,2386.0,0.6778409090909091
36081043900,69919.0,662.0,1247.0,837.0,0.6712109061748196
36081044000,56518.0,146.0,1547.0,692.0,0.4473173884938591
36081044301,26172.0,968.0,1036.0,581.0,0.5608108108108109
36081044302,60654.0,797.0,2397.0,1145.0,0.47768043387567793
36081044400,42521.0,640.0,1617.0,774.0,0.47866419294990725
36081044601,52653.0,713.0,1687.0,938.0,0.5560165975103735
36081044602,44700.0,1031.0,1835.0,1063.0,0.579291553133515
36081044800,65227.0,381.0,1307.0,557.0,0.42616679418515685
36081045000,137109.0,334.0,842.0,261.0,0.30997624703087884
36081045200,71550.0,41.0,423.0,219.0,0.5177304964539007
36081045400,65610.0,623.0,2111.0,795.0,0.3765987683562293
36081045500,75033.0,2523.0,6149.0,4105.0,0.6675882257277607
36081045600,75500.0,31.0,504.0,241.0,0.4781746031746032
36081045700,78500.0,747.0,2219.0,1390.0,0.626408292023434
36081045800,80380.0,208.0,1106.0,416.0,0.37613019891500904
36081045900,78104.0,444.0,1967.0,1320.0,0.6710726995424504
36081046000,67267.0,1065.0,2990.0,2046.0,0.6842809364548496
36081046100,69750.0,386.0,1244.0,638.0,0.5128617363344051
36081046200,56062.0,1138.0,2273.0,1410.0,0.6203255609326881
36081046300,70451.0,696.0,1961.0,1508.0,0.7689954105048444
36081046400,109076.0,113.0,914.0,340.0,0.37199124726477023
36081046500,76833.0,651.0,2366.0,1719.0,0.7265426880811496
36081046600,71538.0,575.0,2219.0,1028.0,0.4632717440288418
36081046700,65564.0,1239.0,3475.0,1957.0,0.5631654676258993
36081046800,81280.0,410.0,1840.0,1000.0,0.5434782608695652
36081046901,67381.0,768.0,2124.0,1389.0,0.653954802259887
36081046902,78646.0,716.0,2158.0,1658.0,0.768303985171455
36081047000,65833.0,359.0,1582.0,859.0,0.5429835651074589
36081047100,55068.0,860.0,2255.0,1592.0,0.7059866962305986
36081047200,116101.0,358.0,1863.0,787.0,0.4224369296833065
36081047300,65538.0,958.0,2267.0,1541.0,0.6797529775033083
36081047500,79631.0,908.0,2734.0,1716.0,0.6276517922457937
36081047600,109846.0,21.0,610.0,153.0,0.25081967213114753
36081047801,39962.0,518.0,1428.0,599.0,0.41946778711484595
36081047802,91483.0,65.0,670.0,319.0,0.4761194029850746
36081047900,79796.0,660.0,2945.0,1575.0,0.534804753820034
36081048000,92984.0,104.0,1076.0,506.0,0.47026022304832715
36081048100,69063.0,1277.0,3243.0,2307.0,0.7113783533765032
36081048200,70766.0,68.0,624.0,217.0,0.34775641025641024
36081048301,69556.0,342.0,1174.0,565.0,0.48126064735945484
36081048302,86250.0,305.0,1077.0,501.0,0.46518105849582175
36081048400,77014.0,304.0,2288.0,769.0,0.3361013986013986
36081048500,73362.0,586.0,2283.0,1161.0,0.5085413929040736
36081048900,56600.0,270.0,687.0,322.0,0.46870451237263466
36081049201,66992.0,414.0,1692.0,676.0,0.39952718676122934
36081049202,104076.0,37.0,1123.0,290.0,0.25823686553873554
36081049301,71950.0,108.0,915.0,391.0,0.4273224043715847
36081049302,63125.0,330.0,1277.0,582.0,0.4557556773688332
36081049500,95375.0,74.0,699.0,279.0,0.39914163090128757
36081049600,100809.0,109.0,1546.0,547.0,0.3538163001293661
36081049700,63250.0,234.0,1433.0,732.0,0.5108164689462665
36081049900,80290.0,600.0,2823.0,1566.0,0.5547290116896918
36081050000,80513.0,601.0,2470.0,1160.0,0.46963562753036436
36081050201,84233.0,64.0,761.0,399.0,0.5243101182654402
36081050202,78750.0,77.0,628.0,216.0,0.34394904458598724
36081050400,108598.0,83.0,834.0,331.0,0.39688249400479614
36081050500,97750.0,84.0,938.0,369.0,0.39339019189765456
36081050600,138000.0,83.0,825.0,340.0,0.4121212121212121
36081050700,82703.0,231.0,1957.0,949.0,0.48492590700051097
36081050800,73333.0,204.0,732.0,299.0,0.40846994535519127
36081051000,107601.0,127.0,873.0,454.0,0.5200458190148912
36081051100,118375.0,176.0,1274.0,391.0,0.3069073783359498
36081051200,115000.0,117.0,1434.0,557.0,0.38842398884239887
36081051300,106949.0,136.0,1247.0,431.0,0.34562951082598237
36081051500,100864.0,171.0,1557.0,407.0,0.26140012845215155
36081051600,111750.0,146.0,1101.0,477.0,0.4332425068119891
36081051700,118587.0,213.0,1308.0,529.0,0.404434250764526
36081051800,103456.0,110.0,1229.0,551.0,0.4483319772172498
36081052000,82426.0,124.0,559.0,213.0,0.3810375670840787
36081052100,106150.0,180.0,989.0,389.0,0.39332659251769464
36081052200,72063.0,65.0,692.0,295.0,0.4263005780346821
36081052400,107135.0,98.0,1080.0,419.0,0.38796296296296295
36081052500,76827.0,81.0,1292.0,305.0,0.23606811145510836
36081052600,89051.0,218.0,1217.0,464.0,0.38126540673788
36081052800,84113.0,62.0,679.0,230.0,0.3387334315169367
36081053000,125938.0,84.0,1282.0,383.0,0.29875195007800315
36081053100,62143.0,306.0,1754.0,731.0,0.4167616875712657
36081053200,88802.0,83.0,969.0,386.0,0.39834881320949433
36081053401,127000.0,68.0,1018.0,521.0,0.5117878192534381
36081053501,82697.0,262.0,716.0,481.0,0.6717877094972067
36081053502,,0.0,0.0,0.0,
36081053601,,292.0,793.0,174.0,0.21941992433795712
36081053800,103618.0,64.0,713.0,310.0,0.43478260869565216
36081053901,88585.0,712.0,2456.0,1002.0,0.40798045602605865
36081053902,,0.0,60.0,19.0,0.31666666666666665
36081054000,60329.0,337.0,1777.0,736.0,0.4141812042768711
36081054200,81439.0,484.0,2388.0,938.0,0.3927973199329983
36081054500,59980.0,716.0,1852.0,944.0,0.509719222462203
36081054700,111641.0,883.0,2612.0,1605.0,0.6144716692189893
36081054800,103333.0,93.0,1080.0,409.0,0.3787037037037037
36081054900,89283.0,1000.0,3025.0,1992.0,0.6585123966942149
36081055100,81000.0,1136.0,2266.0,1354.0,0.5975286849073257
36081055200,66357.0,314.0,1397.0,433.0,0.30994989262705797
36081055300,84315.0,637.0,1765.0,1015.0,0.5750708215297451
36081055400,90685.0,121.0,1312.0,492.0,0.375
36081055500,75917.0,366.0,1093.0,768.0,0.7026532479414456
36081055600,122357.0,115.0,1057.0,217.0,0.2052980132450331
36081055700,86346.0,709.0,2152.0,1408.0,0.654275092936803
36081055800,80536.0,102.0,1011.0,368.0,0.3639960435212661
36081055900,77188.0,236.0,592.0,410.0,0.6925675675675675
36081056000,106667.0,72.0,816.0,176.0,0.21568627450980393
36081056100,,3.0,11.0,7.0,0.6363636363636364
36081056200,96528.0,28.0,632.0,198.0,0.31329113924050633
36081056400,86667.0,71.0,633.0,241.0,0.3807266982622433
36081056500,118319.0,217.0,1075.0,411.0,0.38232558139534883
36081056600,70938.0,145.0,514.0,194.0,0.377431906614786
36081056700,107540.0,257.0,2739.0,964.0,0.3519532676159182
36081056800,106354.0,415.0,2432.0,670.0,0.2754934210526316
36081057700,83438.0,558.0,2100.0,955.0,0.45476190476190476
36081057900,70841.0,228.0,843.0,528.0,0.6263345195729537
36081058000,122411.0,76.0,2219.0,717.0,0.3231185218566922
36081058100,74085.0,405.0,1569.0,824.0,0.5251752708731676
36081058200,116369.0,172.0,2663.0,945.0,0.35486293653773937
36081058300,103774.0,547.0,1948.0,961.0,0.49332648870636553
36081058500,86667.0,692.0,2592.0,1662.0,0.6412037037037037
36081058700,98016.0,527.0,1756.0,859.0,0.4891799544419134
36081058900,75089.0,1179.0,2547.0,1517.0,0.5956026698076168
36081059000,86000.0,46.0,658.0,213.0,0.32370820668693007
36081059100,72671.0,1183.0,2829.0,1460.0,0.5160834217037823
36081059200,97250.0,101.0,721.0,213.0,0.29542302357836336
36081059300,78462.0,680.0,1962.0,962.0,0.49031600407747195
36081059400,149904.0,38.0,964.0,372.0,0.38589211618257263
36081059501,75250.0,230.0,805.0,445.0,0.5527950310559007
36081059502,59386.0,266.0,1315.0,486.0,0.36958174904942964
36081059600,88913.0,64.0,507.0,145.0,0.2859960552268245
36081059800,103203.0,61.0,905.0,284.0,0.3138121546961326
36081059900,84125.0,116.0,723.0,257.0,0.355463347164592
36081060000,94583.0,67.0,544.0,105.0,0.19301470588235295
36081060100,88750.0,206.0,976.0,370.0,0.3790983606557377
36081060300,90938.0,160.0,817.0,212.0,0.2594859241126071
36081060600,98661.0,110.0,784.0,264.0,0.336734693877551
36081060701,,0.0,14.0,14.0,1.0
36081060800,130208.0,74.0,809.0,313.0,0.3868974042027194
36081061000,107115.0,54.0,845.0,156.0,0.18461538461538463
36081061200,127420.0,39.0,934.0,315.0,0.3372591006423983
36081061301,72055.0,917.0,2424.0,1599.0,0.6596534653465347
36081061302,,0.0,0.0,0.0,
36081061400,144500.0,62.0,654.0,271.0,0.41437308868501527
36081061601,101250.0,169.0,1191.0,292.0,0.24517212426532325
36081061602,121058.0,67.0,491.0,99.0,0.20162932790224034
36081061800,96587.0,178.0,856.0,220.0,0.2570093457943925
36081061900,82500.0,246.0,1862.0,731.0,0.39258861439312565
36081062000,112409.0,67.0,662.0,97.0,0.14652567975830816
36081062100,87955.0,165.0,1557.0,417.0,0.2678227360308285
36081062200,115347.0,105.0,1031.0,207.0,0.20077594568380214
36081062300,77986.0,306.0,945.0,282.0,0.2984126984126984
36081062400,,0.0,0.0,0.0,
36081062500,74432.0,287.0,1192.0,403.0,0.33808724832214765
36081062600,111659.0,89.0,1551.0,397.0,0.2559638942617666
36081062700,76447.0,367.0,1239.0,524.0,0.42292171105730425
36081062900,94055.0,449.0,1578.0,769.0,0.4873257287705957
36081063000,116034.0,58.0,678.0,161.0,0.2374631268436578
36081063200,120764.0,148.0,1314.0,487.0,0.3706240487062405
36081063301,101548.0,85.0,785.0,231.0,0.29426751592356687
36081063302,134205.0,77.0,896.0,310.0,0.34598214285714285
36081063500,105125.0,126.0,1194.0,350.0,0.2931323283082077
36081063700,99611.0,118.0,1320.0,239.0,0.18106060606060606
36081063800,116859.0,130.0,1715.0,650.0,0.37900874635568516
36081063900,113409.0,186.0,1758.0,632.0,0.3594994311717861
36081064101,84291.0,161.0,1028.0,563.0,0.5476653696498055
36081064102,,0.0,0.0,0.0,
36081064500,92313.0,302.0,845.0,485.0,0.5739644970414202
36081064600,118375.0,196.0,1796.0,635.0,0.35356347438752783
36081065000,121667.0,99.0,1184.0,228.0,0.19256756756756757
36081065401,101500.0,224.0,1657.0,639.0,0.3856366928183464
36081065402,,0.0,0.0,0.0,
36081065501,,0.0,0.0,0.0,
36081065600,103438.0,424.0,2144.0,817.0,0.3810634328358209
36081065702,84327.0,198.0,717.0,357.0,0.497907949790795
36081065703,110882.0,215.0,1281.0,334.0,0.2607338017174083
36081065900,111731.0,121.0,892.0,378.0,0.42376681614349776
36081066000,82173.0,167.0,1515.0,548.0,0.36171617161716174
36081066100,107361.0,117.0,702.0,261.0,0.3717948717948718
36081066301,118333.0,219.0,1238.0,492.0,0.3974151857835218
36081066302,,0.0,0.0,0.0,
36081066401,,33.0,663.0,222.0,0.334841628959276
36081066402,104333.0,111.0,1638.0,511.0,0.31196581196581197
36081066403,102297.0,221.0,2514.0,496.0,0.19729514717581542
36081066404,,0.0,0.0,0.0,
36081066501,82356.0,355.0,1888.0,655.0,0.3469279661016949
36081066701,117500.0,354.0,1209.0,460.0,0.380479735318445
36081066900,95208.0,92.0,850.0,330.0,0.38823529411764707
36081067100,114764.0,157.0,1254.0,330.0,0.2631578947368421
36081067700,115250.0,150.0,860.0,275.0,0.31976744186046513
36081067900,60840.0,862.0,1924.0,1134.0,0.5893970893970893
36081068000,128571.0,186.0,2990.0,977.0,0.3267558528428094
36081068200,92656.0,41.0,494.0,165.0,0.3340080971659919
36081068300,66354.0,1094.0,1927.0,1228.0,0.6372599896211728
36081068700,68566.0,1305.0,2097.0,1275.0,0.6080114449213162
36081069000,127019.0,158.0,1974.0,577.0,0.2922998986828774
36081069300,72125.0,637.0,1675.0,620.0,0.3701492537313433
36081069400,105708.0,235.0,1700.0,387.0,0.22764705882352942
36081069500,116125.0,270.0,1236.0,680.0,0.5501618122977346
36081069701,101168.0,809.0,2238.0,1185.0,0.5294906166219839
36081069702,84991.0,340.0,1976.0,594.0,0.3006072874493927
36081070300,91278.0,254.0,1044.0,446.0,0.4272030651340996
36081070700,108616.0,134.0,1149.0,361.0,0.31418624891209745
36081070900,109595.0,444.0,1542.0,852.0,0.5525291828793775
36081071100,102734.0,1166.0,3333.0,1530.0,0.459045904590459
36081071303,98155.0,1244.0,3193.0,1479.0,0.46320075164422175
36081071304,100199.0,1876.0,3213.0,1453.0,0.45222533457827574
36081071305,108007.0,1278.0,3008.0,1627.0,0.5408909574468085
36081071306,81458.0,1920.0,3239.0,2060.0,0.6359987650509417
36081071600,,0.0,0.0,0.0,
36081071701,55526.0,1410.0,2219.0,1064.0,0.4794952681388013
36081071702,99719.0,1010.0,2476.0,1381.0,0.5577544426494345
36081071900,63125.0,439.0,1419.0,589.0,0.41508104298801973
36081072100,98207.0,1051.0,2661.0,1297.0,0.4874107478391582
36081072300,198750.0,113.0,1090.0,354.0,0.3247706422018349
36081072900,127292.0,68.0,736.0,433.0,0.5883152173913043
36081073100,159279.0,67.0,862.0,275.0,0.3190255220417633
36081073700,117568.0,578.0,1107.0,537.0,0.48509485094850946
36081073900,113333.0,1108.0,2721.0,1131.0,0.41565600882028664
36081074100,101528.0,762.0,1756.0,874.0,0.4977220956719818
36081074300,76063.0,653.0,2185.0,777.0,0.35560640732265447
36081074500,53716.0,910.0,1710.0,841.0,0.49181286549707603
36081074700,106964.0,296.0,1587.0,899.0,0.5664776307498425
36081074900,222083.0,31.0,643.0,212.0,0.3297045101088647
36081075701,111744.0,1113.0,2709.0,1318.0,0.4865263935031377
36081075702,118859.0,848.0,2753.0,1165.0,0.4231747184889212
36081076901,99122.0,1371.0,2538.0,1383.0,0.5449172576832151
36081076902,113042.0,295.0,759.0,396.0,0.5217391304347826
36081077300,101750.0,496.0,1152.0,606.0,0.5260416666666666
36081077500,100750.0,366.0,1202.0,429.0,0.35690515806988354
36081077902,102581.0,538.0,2404.0,801.0,0.3331946755407654
36081077903,98194.0,286.0,1797.0,737.0,0.41012799109627157
36081077904,104840.0,502.0,2826.0,1271.0,0.4497523000707714
36081077905,91927.0,324.0,1620.0,539.0,0.33271604938271604
36081077906,81269.0,454.0,1632.0,468.0,0.2867647058823529
36081077907,71136.0,342.0,1292.0,492.0,0.38080495356037153
36081077908,78375.0,355.0,1560.0,806.0,0.5166666666666667
36081078800,98750.0,92.0,935.0,305.0,0.32620320855614976
36081079000,94185.0,207.0,1391.0,472.0,0.33932422717469446
36081079200,74474.0,134.0,1272.0,265.0,0.20833333333333334
36081079300,,0.0,0.0,0.0,
36081079701,53040.0,1729.0,2148.0,855.0,0.39804469273743015
36081079702,62070.0,685.0,1841.0,460.0,0.2498642042368278
36081079900,48750.0,360.0,1204.0,343.0,0.28488372093023256
36081080301,54528.0,292.0,1557.0,607.0,0.38985228002569045
36081080302,91902.0,230.0,2003.0,833.0,0.4158761857214179
36081080900,60014.0,599.0,3295.0,1060.0,0.3216995447647951
36081081400,136667.0,117.0,2230.0,454.0,0.20358744394618833
36081081800,96773.0,264.0,1959.0,513.0,0.26186830015313933
36081083700,58386.0,417.0,2231.0,825.0,0.3697893321380547
36081083800,103254.0,131.0,2794.0,890.0,0.3185397279885469
36081084000,102304.0,352.0,3261.0,972.0,0.2980680772769089
36081084500,32529.0,1439.0,1774.0,922.0,0.5197294250281849
36081084601,89107.0,72.0,1105.0,287.0,0.25972850678733034
36081084602,79707.0,0.0,423.0,179.0,0.4231678486997636
36081084901,60583.0,406.0,1283.0,377.0,0.2938425565081839
36081084902,57675.0,857.0,1754.0,842.0,0.48004561003420754
36081085300,35737.0,1654.0,2205.0,801.0,0.363265306122449
36081085500,41315.0,1910.0,2449.0,910.0,0.3715802368313597
36081085700,56078.0,1216.0,2764.0,1601.0,0.579232995658466
36081085900,56388.0,1401.0,2726.0,1350.0,0.49523110785033014
36081086100,41146.0,423.0,889.0,316.0,0.35545556805399325
36081086300,51071.0,1165.0,3237.0,1223.0,0.37781896818041394
36081086400,131111.0,93.0,1357.0,424.0,0.3124539425202653
36081086500,51397.0,1686.0,2561.0,1341.0,0.5236235845372901
36081086900,55278.0,435.0,1037.0,439.0,0.42333654773384766
36081087100,46841.0,1416.0,2151.0,772.0,0.3589028358902836
36081088400,102727.0,379.0,3555.0,695.0,0.19549929676511954
36081088902,39599.0,1203.0,2527.0,1247.0,0.4934705184012663
36081088903,57454.0,354.0,1836.0,550.0,0.2995642701525055
36081089201,157845.0,83.0,3861.0,767.0,0.19865319865319866
36081089202,,0.0,0.0,0.0,
36081090700,85750.0,87.0,572.0,203.0,0.3548951048951049
36081091602,,0.0,0.0,0.0,
36081091603,134563.0,126.0,1728.0,213.0,0.1232638888888889
36081091604,,0.0,0.0,0.0,
36081091800,,0.0,4.0,0.0,0.0
36081091900,101895.0,442.0,2151.0,783.0,0.36401673640167365
36081092200,153971.0,96.0,1037.0,172.0,0.16586306653809066
36081092500,65625.0,335.0,1553.0,665.0,0.42820347714101736
36081092800,151335.0,49.0,1448.0,162.0,0.11187845303867404
36081092900,100063.0,295.0,3625.0,1150.0,0.31724137931034485
36081093401,110875.0,216.0,1799.0,452.0,0.25125069483046136
36081093402,110625.0,399.0,1984.0,454.0,0.2288306451612903
36081093800,72981.0,605.0,1748.0,628.0,0.35926773455377575
36081093900,91683.0,254.0,3029.0,881.0,0.290855067679102
36081094201,76373.0,398.0,1595.0,739.0,0.4633228840125392
36081094202,54637.0,870.0,2130.0,650.0,0.3051643192488263
36081094203,67038.0,1067.0,2723.0,843.0,0.30958501652589054
36081094500,70729.0,165.0,1615.0,265.0,0.16408668730650156
36081094700,84375.0,197.0,1139.0,423.0,0.3713784021071115
36081095400,82694.0,409.0,3049.0,1352.0,0.4434240734667104
36081096400,104737.0,386.0,3479.0,1435.0,0.4124748490945674
36081097202,27115.0,961.0,616.0,335.0,0.5438311688311688
36081097204,73207.0,470.0,1522.0,656.0,0.43101182654402104
36081097205,23638.0,837.0,1062.0,375.0,0.3531073446327684
36081097206,45748.0,1001.0,923.0,501.0,0.542795232936078
36081097207,,0.0,0.0,0.0,
36081097300,113826.0,65.0,1056.0,243.0,0.23011363636363635
36081098100,102857.0,54.0,1050.0,137.0,0.13047619047619047
36081098700,98269.0,167.0,1251.0,126.0,0.10071942446043165
36081099100,109250.0,265.0,3037.0,468.0,0.15409944023707606
36081099200,33727.0,934.0,1766.0,423.0,0.23952434881087203
36081099701,116607.0,182.0,1260.0,237.0,0.1880952380952381
36081099703,109000.0,234.0,1870.0,327.0,0.1748663101604278
36081099704,92141.0,693.0,2845.0,532.0,0.18699472759226712
36081099705,139844.0,117.0,1207.0,369.0,0.30571665285832644
36081099801,69621.0,902.0,4128.0,1588.0,0.3846899224806202
36081099802,46645.0,1687.0,2027.0,642.0,0.31672422298963987
36081099900,,0.0,0.0,0.0,
36081100801,140521.0,93.0,1398.0,324.0,0.2317596566523605
36081100803,47271.0,561.0,1509.0,532.0,0.35255135851557323
36081100804,118220.0,190.0,2612.0,888.0,0.33996937212863704
36081101002,53222.0,615.0,1622.0,149.0,0.09186189889025893
36081101003,68707.0,452.0,1622.0,434.0,0.2675709001233046
36081101004,41429.0,1126.0,2141.0,661.0,0.3087342363381597
36081101700,112790.0,257.0,2474.0,523.0,0.21139854486661278
36081102900,86114.0,102.0,1611.0,329.0,0.2042209807572936
36081103201,61229.0,982.0,2683.0,1282.0,0.47782333209094296
36081103202,85561.0,552.0,2846.0,661.0,0.23225579761068166
36081103300,97227.0,217.0,1927.0,409.0,0.21224701608718216
36081103900,75957.0,194.0,2617.0,394.0,0.15055406954528086
36081104700,69559.0,408.0,3302.0,1051.0,0.3182919442761962
36081105900,103125.0,99.0,1757.0,286.0,0.16277746158224246
36081107201,103333.0,84.0,1015.0,185.0,0.18226600985221675
36081107202,,0.0,0.0,0.0,
36081108500,68859.0,128.0,1280.0,237.0,0.18515625
36081109300,137429.0,51.0,1279.0,253.0,0.19781078967943705
36081109700,121250.0,85.0,949.0,286.0,0.3013698630136986
36081109900,100176.0,163.0,1552.0,365.0,0.23518041237113402
36081111300,112227.0,27.0,994.0,306.0,0.30784708249496984
36081112300,97917.0,41.0,1036.0,300.0,0.28957528957528955
36081112900,95521.0,134.0,1112.0,256.0,0.2302158273381295
36081113300,115313.0,42.0,735.0,285.0,0.3877551020408163
36081113900,87687.0,215.0,1819.0,487.0,0.2677295217152281
36081114100,130000.0,57.0,1174.0,299.0,0.25468483816013626
36081114700,96731.0,22.0,712.0,242.0,0.3398876404494382
36081115100,94643.0,45.0,422.0,112.0,0.26540284360189575
36081115500,83182.0,204.0,1050.0,391.0,0.37238095238095237
36081115700,59286.0,302.0,1605.0,404.0,0.25171339563862927
36081115900,60354.0,706.0,1825.0,571.0,0.3128767123287671
36081116100,48993.0,670.0,1597.0,632.0,0.39574201628052597
36081116301,35545.0,784.0,2278.0,580.0,0.2546093064091308
36081116302,64671.0,522.0,1417.0,630.0,0.4446012702893437
36081116700,55257.0,208.0,729.0,245.0,0.33607681755829905
36081117100,74563.0,247.0,1132.0,350.0,0.30918727915194344
36081117500,77500.0,434.0,1878.0,829.0,0.4414270500532481
36081118100,88036.0,144.0,1010.0,248.0,0.24554455445544554
36081118500,59760.0,248.0,920.0,443.0,0.4815217391304348
36081118700,64674.0,298.0,1082.0,448.0,0.41404805914972276
36081118900,51825.0,345.0,747.0,225.0,0.30120481927710846
36081119100,41657.0,178.0,1356.0,430.0,0.31710914454277284
36081119300,49746.0,158.0,916.0,354.0,0.3864628820960699
36081119500,109643.0,22.0,628.0,148.0,0.2356687898089172
36081119900,109583.0,21.0,603.0,98.0,0.1625207296849088
36081120100,69583.0,127.0,724.0,284.0,0.39226519337016574
36081120300,57446.0,207.0,811.0,285.0,0.35141800246609123
36081120500,27838.0,569.0,941.0,448.0,0.4760892667375133
36081120701,104779.0,99.0,1566.0,365.0,0.2330779054916986
36081120702,,0.0,0.0,0.0,
36081121100,,0.0,0.0,0.0,
36081121500,95856.0,225.0,2233.0,742.0,0.3322884012539185
36081122300,91787.0,109.0,1584.0,286.0,0.18055555555555555
36081122702,25275.0,1850.0,2472.0,1001.0,0.40493527508090615
36081122703,69417.0,331.0,3217.0,1252.0,0.38918246813801677
36081122704,78250.0,703.0,1744.0,441.0,0.25286697247706424
36081124100,87664.0,327.0,1800.0,761.0,0.42277777777777775
36081124700,112824.0,139.0,1468.0,367.0,0.25
36081125700,80826.0,198.0,1668.0,646.0,0.3872901678657074
36081126500,141964.0,123.0,1047.0,397.0,0.37917860553963706
36081126700,96250.0,40.0,1488.0,541.0,0.3635752688172043
36081127700,140924.0,44.0,1522.0,402.0,0.26412614980289095
36081128300,,0.0,0.0,0.0,
36081129102,132337.0,21.0,1698.0,498.0,0.29328621908127206
36081129103,74500.0,432.0,1935.0,488.0,0.25219638242894055
36081129104,100893.0,166.0,2261.0,519.0,0.22954444935869084
36081130100,81452.0,338.0,1397.0,428.0,0.30637079455977095
36081133300,129211.0,71.0,2002.0,419.0,0.20929070929070928
36081133900,114250.0,43.0,468.0,100.0,0.21367521367521367
36081134100,88938.0,64.0,1841.0,475.0,0.25801195002715915
36081134701,85816.0,449.0,2496.0,651.0,0.2608173076923077
36081134702,83828.0,253.0,2201.0,455.0,0.20672421626533394
36081136700,105348.0,401.0,3002.0,609.0,0.2028647568287808
36081137700,108219.0,314.0,3806.0,931.0,0.24461376773515503
36081138501,91421.0,91.0,2079.0,345.0,0.16594516594516595
36081138502,,0.0,3.0,1.0,0.3333333333333333
36081139900,128750.0,46.0,744.0,230.0,0.30913978494623656
36081140300,91513.0,93.0,1046.0,351.0,0.3355640535372849
36081140901,120186.0,38.0,468.0,111.0,0.23717948717948717
36081140902,100865.0,57.0,1066.0,244.0,0.22889305816135083
36081141700,71303.0,144.0,2199.0,841.0,0.3824465666211915
36081142900,82159.0,204.0,1946.0,725.0,0.3725590955806783
36081143500,116900.0,63.0,995.0,233.0,0.23417085427135678
36081144100,113214.0,117.0,1609.0,229.0,0.1423244251087632
36081144700,95069.0,218.0,1611.0,393.0,0.24394785847299813
36081145101,77734.0,74.0,526.0,78.0,0.1482889733840304
36081145102,81339.0,195.0,1343.0,365.0,0.2717795979151154
36081145900,99612.0,91.0,1514.0,351.0,0.23183619550858653
36081146300,79763.0,148.0,1192.0,386.0,0.3238255033557047
36081146700,102385.0,167.0,1698.0,607.0,0.3574793875147232
36081147100,83971.0,147.0,1651.0,513.0,0.3107207752877044
36081147900,98533.0,386.0,2264.0,587.0,0.2592756183745583
36081148300,125500.0,108.0,1229.0,293.0,0.23840520748576077
36081150701,143375.0,99.0,1300.0,358.0,0.2753846153846154
36081150702,106563.0,169.0,1444.0,236.0,0.1634349030470914
36081152901,94250.0,311.0,2688.0,432.0,0.16071428571428573
36081152902,117828.0,43.0,3194.0,283.0,0.08860363180964308
36081155101,81328.0,406.0,425.0,11.0,0.02588235294117647
36081155103,109959.0,287.0,2592.0,165.0,0.06365740740740741
36081155104,138698.0,236.0,1361.0,95.0,0.06980161645848641
36081156700,65500.0,68.0,425.0,86.0,0.2023529411764706
36081157101,102465.0,294.0,4380.0,913.0,0.2084474885844749
36081157102,119196.0,49.0,902.0,166.0,0.18403547671840353
36081157901,115395.0,103.0,2993.0,761.0,0.25425993985967255
36081157902,103611.0,125.0,1451.0,276.0,0.19021364576154376
36081157903,130250.0,59.0,1991.0,311.0,0.15620291310899045
36081161700,132816.0,131.0,2302.0,470.0,0.20417028670721113
36081162100,102259.0,152.0,3359.0,673.0,0.20035724918130396
36081990100,,0.0,0.0,0.0,
36085000300,74258.0,331.0,1109.0,565.0,0.5094679891794409
36085000600,41211.0,606.0,1068.0,434.0,0.40636704119850187
36085000700,64452.0,737.0,2036.0,808.0,0.3968565815324165
36085000800,100449.0,156.0,2611.0,1147.0,0.4392952891612409
36085000900,62237.0,222.0,945.0,450.0,0.47619047619047616
36085001100,73380.0,415.0,1514.0,684.0,0.45178335535006603
36085001700,63558.0,153.0,709.0,184.0,0.25952045133991536
36085001800,83417.0,0.0,271.0,5.0,0.01845018450184502
36085002001,76557.0,387.0,1490.0,577.0,0.387248322147651
36085002002,79333.0,196.0,1424.0,567.0,0.3981741573033708
36085002100,47926.0,744.0,2227.0,965.0,0.4333183655141446
36085002700,33203.0,83.0,394.0,156.0,0.39593908629441626
36085002900,55339.0,1025.0,2113.0,949.0,0.4491244675816375
36085003300,103542.0,252.0,1715.0,542.0,0.3160349854227405
36085003600,88155.0,115.0,1323.0,368.0,0.2781557067271353
36085003900,84038.0,212.0,1156.0,323.0,0.27941176470588236
36085004001,59732.0,125.0,1810.0,745.0,0.4116022099447514
36085004002,126295.0,40.0,1498.0,302.0,0.20160213618157544
36085004003,24107.0,908.0,1101.0,408.0,0.37057220708446864
36085004004,,118.0,1663.0,620.0,0.3728202044497895
36085004700,120893.0,133.0,1296.0,503.0,0.3881172839506173
36085005000,76997.0,212.0,2136.0,723.0,0.33848314606741575
36085005901,90171.0,213.0,1485.0,295.0,0.19865319865319866
36085005902,,0.0,0.0,0.0,
36085006400,63462.0,292.0,1309.0,464.0,0.3544690603514133
36085006700,139125.0,78.0,1730.0,290.0,0.1676300578034682
36085007001,74375.0,105.0,1365.0,252.0,0.18461538461538463
36085007002,91509.0,275.0,2576.0,565.0,0.21933229813664595
36085007400,73678.0,509.0,2235.0,783.0,0.3503355704697987
36085007500,108836.0,139.0,1692.0,629.0,0.37174940898345155
36085007700,89767.0,110.0,836.0,229.0,0.27392344497607657
36085008100,78031.0,648.0,1750.0,715.0,0.4085714285714286
36085009601,103942.0,235.0,1841.0,764.0,0.41499185225420965
36085009602,76894.0,183.0,1944.0,521.0,0.26800411522633744
36085009701,112896.0,375.0,1842.0,428.0,0.23235613463626492
36085009702,,4.0,23.0,0.0,0.0
36085010500,90833.0,405.0,2188.0,715.0,0.32678244972577697
36085011201,110025.0,205.0,2716.0,671.0,0.24705449189985274
36085011203,76068.0,377.0,2490.0,757.0,0.3040160642570281
36085011204,,13.0,64.0,0.0,0.0
36085011401,83098.0,414.0,1436.0,661.0,0.46030640668523676
36085011402,96792.0,197.0,1403.0,414.0,0.29508196721311475
36085012100,160625.0,101.0,1578.0,144.0,0.09125475285171103
36085012200,107989.0,134.0,1654.0,268.0,0.16203143893591293
36085012500,120833.0,197.0,1681.0,480.0,0.2855443188578227
36085012804,84137.0,402.0,2303.0,697.0,0.3026487190620929
36085012805,123679.0,15.0,1166.0,412.0,0.35334476843910806
36085012806,62276.0,722.0,2498.0,938.0,0.3755004003202562
36085013201,127792.0,27.0,679.0,139.0,0.20471281296023564
36085013203,126114.0,168.0,3176.0,839.0,0.2641687657430731
36085013204,102587.0,139.0,2373.0,671.0,0.2827644332069111
36085013301,25411.0,440.0,335.0,116.0,0.34626865671641793
36085013302,111077.0,220.0,1626.0,456.0,0.28044280442804426
36085013400,76979.0,108.0,1497.0,286.0,0.19104876419505679
36085013800,141115.0,233.0,3038.0,648.0,0.21329822251481237
36085014100,64451.0,140.0,1225.0,298.0,0.24326530612244898
36085014604,125944.0,248.0,3220.0,607.0,0.18850931677018634
36085014605,129712.0,102.0,1891.0,254.0,0.1343204653622422
36085014606,92123.0,134.0,2635.0,741.0,0.2812144212523719
36085014607,119500.0,144.0,2256.0,462.0,0.2047872340425532
36085014608,130272.0,199.0,1634.0,252.0,0.15422276621787026
36085014700,111004.0,275.0,1551.0,289.0,0.18633139909735655
36085015100,116645.0,168.0,2530.0,449.0,0.1774703557312253
36085015400,,0.0,0.0,0.0,
36085015601,131658.0,133.0,3980.0,1031.0,0.2590452261306533
36085015602,136010.0,88.0,1592.0,230.0,0.1444723618090452
36085015603,97262.0,109.0,1989.0,264.0,0.13273001508295626
36085016901,143880.0,75.0,1983.0,338.0,0.17044881492687847
36085017005,113529.0,225.0,2441.0,424.0,0.17369930356411306
36085017007,100182.0,64.0,2838.0,594.0,0.20930232558139536
36085017009,93977.0,81.0,2058.0,382.0,0.18561710398445092
36085017011,126607.0,122.0,2303.0,603.0,0.26183239253148066
36085017012,107891.0,127.0,2298.0,464.0,0.20191470844212359
36085017013,91849.0,78.0,1568.0,229.0,0.14604591836734693
36085017014,100487.0,111.0,2011.0,322.0,0.1601193436101442
36085017015,113463.0,70.0,1247.0,127.0,0.10184442662389735
36085017016,116635.0,72.0,2431.0,264.0,0.1085972850678733
36085017300,41993.0,363.0,973.0,303.0,0.3114080164439877
36085017600,175865.0,103.0,2424.0,379.0,0.15635313531353134
36085017701,153750.0,204.0,1504.0,272.0,0.18085106382978725
36085017702,111835.0,86.0,1170.0,277.0,0.23675213675213674
36085018100,99106.0,308.0,1165.0,136.0,0.1167381974248927
36085018701,123750.0,56.0,935.0,243.0,0.25989304812834224
36085018703,94464.0,229.0,1718.0,261.0,0.15192083818393481
36085018704,118413.0,119.0,2000.0,232.0,0.116
36085018901,147513.0,168.0,2501.0,672.0,0.2686925229908037
36085018902,102778.0,68.0,2058.0,206.0,0.1000971817298348
36085019700,113220.0,31.0,1038.0,209.0,0.20134874759152216
36085019800,122321.0,92.0,3842.0,544.0,0.1415929203539823
36085020100,127721.0,151.0,1717.0,508.0,0.29586488060570765
36085020701,59452.0,293.0,1254.0,560.0,0.44657097288676234
36085020702,32070.0,414.0,858.0,232.0,0.2703962703962704
36085020803,117218.0,98.0,3263.0,728.0,0.22310756972111553
36085020804,91379.0,88.0,1881.0,246.0,0.13078149920255183
36085020805,115825.0,172.0,2796.0,338.0,0.12088698140200287
36085020806,90478.0,33.0,1263.0,54.0,0.04275534441805225
36085021300,79938.0,314.0,2120.0,618.0,0.29150943396226414
36085022300,59129.0,175.0,948.0,308.0,0.32489451476793246
36085022601,117903.0,202.0,3644.0,1099.0,0.30159165751920963
36085022602,,76.0,471.0,24.0,0.050955414012738856
36085022801,,5.0,19.0,0.0,0.0
36085022802,,0.0,0.0,0.0,
36085023100,87837.0,197.0,2122.0,638.0,0.3006597549481621
36085023900,87438.0,291.0,1708.0,544.0,0.3185011709601874
36085024401,123626.0,212.0,2417.0,344.0,0.14232519652461728
36085024402,129904.0,77.0,2227.0,429.0,0.19263583295913786
36085024700,81679.0,164.0,1326.0,267.0,0.20135746606334842
36085024800,131146.0,54.0,2415.0,452.0,0.18716356107660456
36085025100,120156.0,135.0,2951.0,644.0,0.21823110809894952
36085027301,110625.0,67.0,2048.0,628.0,0.306640625
36085027302,95579.0,86.0,1702.0,197.0,0.11574618096357227
36085027702,70772.0,435.0,3088.0,782.0,0.25323834196891193
36085027704,100479.0,186.0,2027.0,245.0,0.12086827824370992
36085027705,98324.0,101.0,2929.0,458.0,0.15636736087401842
36085027706,73750.0,165.0,1207.0,211.0,0.1748135874067937
36085027900,141250.0,32.0,645.0,95.0,0.14728682170542637
36085029102,99458.0,65.0,1773.0,373.0,0.21037789058093626
36085029104,107292.0,229.0,3061.0,881.0,0.28781443972557985
36085029105,111276.0,102.0,2415.0,449.0,0.18592132505175984
36085029106,118211.0,74.0,1482.0,164.0,0.1106612685560054
36085030301,111700.0,136.0,3242.0,768.0,0.23689080814312152
36085030302,98535.0,170.0,2939.0,772.0,0.26267437904048996
36085031901,45942.0,792.0,1286.0,732.0,0.5692068429237948
36085031902,75057.0,527.0,2203.0,836.0,0.37948252383113934
36085032300,88558.0,121.0,525.0,302.0,0.5752380952380952
36085990100,,0.0,0.0,0.0,
